primaryKey,gridType,gameId,eventNumber,playerId,playerName,teamId,teamName,period,minutesRemaining,secondsRemaining,eventType,actionType,shotZoneBasic,shotZoneArea,shotZoneRange,shotType,shotDistance,xCoordinate,yCoordinate,shotAttemptedFlag,shotMadeFlag,gameDate,homeTeam,awayTeam,season,seasonType,dt
0021800607_101_1626179,"Shot Chart Detail",0021800607,101,1626179,"Terry Rozier",1610612738,"Boston Celtics",1,3,20,"Missed Shot","Step Back Jump shot","3PT Field Goal","Above the Break 3","Left Side Center(LC)","24+ ft.",25,-123,228,1,0,20190109,BOS,IND,2018-19,"Regular Season",2019-01-11T18:16:56.287
0021800607_103_202681,"Shot Chart Detail",0021800607,103,202681,"Kyrie Irving",1610612738,"Boston Celtics",1,3,11,"Made Shot","Driving Layup Shot","2PT Field Goal","Restricted Area",Center(C),"Less Than 8 ft.",1,-6,13,1,1,20190109,BOS,IND,2018-19,"Regular Season",2019-01-11T18:16:56.287
0021800607_112_203926,"Shot Chart Detail",0021800607,112,203926,"Doug McDermott",1610612754,"Indiana Pacers",1,2,49,"Missed Shot","Driving Layup Shot","2PT Field Goal","In The Paint (Non-RA)",Center(C),"Less Than 8 ft.",4,-41,20,1,0,20190109,BOS,IND,2018-19,"Regular Season",2019-01-11T18:16:56.287
0021800607_115_1626179,"Shot Chart Detail",0021800607,115,1626179,"Terry Rozier",1610612738,"Boston Celtics",1,2,38,"Missed Shot","Pullup Jump shot","3PT Field Goal","Above the Break 3","Left Side Center(LC)","24+ ft.",25,-171,183,1,0,20190109,BOS,IND,2018-19,"Regular Season",2019-01-11T18:16:56.287
0021800607_117_201936,"Shot Chart Detail",0021800607,117,201936,"Tyreke Evans",1610612754,"Indiana Pacers",1,2,30,"Missed Shot","Driving Layup Shot","2PT Field Goal","In The Paint (Non-RA)",Center(C),"Less Than 8 ft.",5,49,17,1,0,20190109,BOS,IND,2018-19,"Regular Season",2019-01-11T18:16:56.287
0021800607_11_1628369,"Shot Chart Detail",0021800607,11,1628369,"Jayson Tatum",1610612738,"Boston Celtics",1,11,13,"Made Shot","Running Finger Roll Layup Shot","2PT Field Goal","Restricted Area",Center(C),"Less Than 8 ft.",0,6,-5,1,1,20190109,BOS,IND,2018-19,"Regular Season",2019-01-11T18:16:56.287
0021800607_125_203124,"Shot Chart Detail",0021800607,125,203124,"Kyle OQuinn",1610612754,"Indiana Pacers",1,2,12,"Missed Shot","Jump Shot","2PT Field Goal","In The Paint (Non-RA)","Left Side(L)","8-16 ft.",8,-54,71,1,0,20190109,BOS,IND,2018-19,"Regular Season",2019-01-11T18:16:56.287
0021800607_127_1627759,"Shot Chart Detail",0021800607,127,1627759,"Jaylen Brown",1610612738,"Boston Celtics",1,2,0,"Missed Shot","Jump Shot","3PT Field Goal","Above the Break 3","Left Side Center(LC)","24+ ft.",29,-179,230,1,0,20190109,BOS,IND,2018-19,"Regular Season",2019-01-11T18:16:56.287
0021800607_138_1628464,"Shot Chart Detail",0021800607,138,1628464,"Daniel Theis",1610612738,"Boston Celtics",1,1,31,"Missed Shot","Jump Shot","3PT Field Goal","Above the Break 3",Center(C),"24+ ft.",26,81,254,1,0,20190109,BOS,IND,2018-19,"Regular Season",2019-01-11T18:16:56.287
0021800607_13_1627734,"Shot Chart Detail",0021800607,13,1627734,"Domantas Sabonis",1610612754,"Indiana Pacers",1,10,56,"Missed Shot","Jump Shot","2PT Field Goal",Mid-Range,"Left Side Center(LC)","16-24 ft.",22,-109,193,1,0,20190109,BOS,IND,2018-19,"Regular Season",2019-01-11T18:16:56.287
0021800607_140_202709,"Shot Chart Detail",0021800607,140,202709,"Cory Joseph",1610612754,"Indiana Pacers",1,1,15,"Missed Shot","Driving Floating Jump Shot","2PT Field Goal","In The Paint (Non-RA)",Center(C),"Less Than 8 ft.",6,45,52,1,0,20190109,BOS,IND,2018-19,"Regular Season",2019-01-11T18:16:56.287
0021800607_147_202330,"Shot Chart Detail",0021800607,147,202330,"Gordon Hayward",1610612738,"Boston Celtics",1,0,48,"Made Shot","Driving Layup Shot","2PT Field Goal","Restricted Area",Center(C),"Less Than 8 ft.",2,-19,7,1,1,20190109,BOS,IND,2018-19,"Regular Season",2019-01-11T18:16:56.287
0021800607_149_1628388,"Shot Chart Detail",0021800607,149,1628388,"TJ Leaf",1610612754,"Indiana Pacers",1,0,32,"Made Shot","Reverse Layup Shot","2PT Field Goal","Restricted Area",Center(C),"Less Than 8 ft.",0,6,4,1,1,20190109,BOS,IND,2018-19,"Regular Season",2019-01-11T18:16:56.287
0021800607_151_1628369,"Shot Chart Detail",0021800607,151,1628369,"Jayson Tatum",1610612738,"Boston Celtics",1,0,10,"Missed Shot","Fadeaway Jump Shot","2PT Field Goal",Mid-Range,"Left Side(L)","8-16 ft.",14,-143,43,1,0,20190109,BOS,IND,2018-19,"Regular Season",2019-01-11T18:16:56.287
0021800607_153_201936,"Shot Chart Detail",0021800607,153,201936,"Tyreke Evans",1610612754,"Indiana Pacers",1,0,0,"Missed Shot","Jump Shot","3PT Field Goal","Above the Break 3",Center(C),"24+ ft.",26,-16,269,1,0,20190109,BOS,IND,2018-19,"Regular Season",2019-01-11T18:16:56.287
0021800607_157_201936,"Shot Chart Detail",0021800607,157,201936,"Tyreke Evans",1610612754,"Indiana Pacers",2,11,40,"Made Shot","Step Back Jump shot","2PT Field Goal",Mid-Range,"Right Side(R)","8-16 ft.",14,81,126,1,1,20190109,BOS,IND,2018-19,"Regular Season",2019-01-11T18:16:56.287
0021800607_15_202694,"Shot Chart Detail",0021800607,15,202694,"Marcus Morris",1610612738,"Boston Celtics",1,10,43,"Missed Shot","Fadeaway Jump Shot","2PT Field Goal",Mid-Range,"Left Side(L)","8-16 ft.",13,-133,-4,1,0,20190109,BOS,IND,2018-19,"Regular Season",2019-01-11T18:16:56.287
0021800607_168_1628369,"Shot Chart Detail",0021800607,168,1628369,"Jayson Tatum",1610612738,"Boston Celtics",2,10,52,"Made Shot","Driving Finger Roll Layup Shot","2PT Field Goal","Restricted Area",Center(C),"Less Than 8 ft.",2,3,21,1,1,20190109,BOS,IND,2018-19,"Regular Season",2019-01-11T18:16:56.287
0021800607_170_201936,"Shot Chart Detail",0021800607,170,201936,"Tyreke Evans",1610612754,"Indiana Pacers",2,10,47,"Made Shot","Running Finger Roll Layup Shot","2PT Field Goal","Restricted Area",Center(C),"Less Than 8 ft.",1,8,13,1,1,20190109,BOS,IND,2018-19,"Regular Season",2019-01-11T18:16:56.287
0021800607_171_1628369,"Shot Chart Detail",0021800607,171,1628369,"Jayson Tatum",1610612738,"Boston Celtics",2,10,32,"Missed Shot","Driving Reverse Layup Shot","2PT Field Goal","Restricted Area",Center(C),"Less Than 8 ft.",3,-20,28,1,0,20190109,BOS,IND,2018-19,"Regular Season",2019-01-11T18:16:56.287
0021800607_17_203506,"Shot Chart Detail",0021800607,17,203506,"Victor Oladipo",1610612754,"Indiana Pacers",1,10,33,"Made Shot","Pullup Jump shot","3PT Field Goal","Above the Break 3",Center(C),"24+ ft.",26,39,261,1,1,20190109,BOS,IND,2018-19,"Regular Season",2019-01-11T18:16:56.287
0021800607_180_203124,"Shot Chart Detail",0021800607,180,203124,"Kyle OQuinn",1610612754,"Indiana Pacers",2,10,7,"Made Shot","Jump Shot","2PT Field Goal",Mid-Range,Center(C),"16-24 ft.",16,-27,167,1,1,20190109,BOS,IND,2018-19,"Regular Season",2019-01-11T18:16:56.287
0021800607_182_1628369,"Shot Chart Detail",0021800607,182,1628369,"Jayson Tatum",1610612738,"Boston Celtics",2,9,43,"Missed Shot","Driving Floating Jump Shot","2PT Field Goal","In The Paint (Non-RA)",Center(C),"Less Than 8 ft.",5,-24,47,1,0,20190109,BOS,IND,2018-19,"Regular Season",2019-01-11T18:16:56.287
0021800607_186_1628369,"Shot Chart Detail",0021800607,186,1628369,"Jayson Tatum",1610612738,"Boston Celtics",2,9,28,"Made Shot","Running Dunk Shot","2PT Field Goal","Restricted Area",Center(C),"Less Than 8 ft.",0,-2,2,1,1,20190109,BOS,IND,2018-19,"Regular Season",2019-01-11T18:16:56.287
0021800607_187_201936,"Shot Chart Detail",0021800607,187,201936,"Tyreke Evans",1610612754,"Indiana Pacers",2,9,11,"Made Shot","Pullup Jump shot","3PT Field Goal","Above the Break 3","Left Side Center(LC)","24+ ft.",26,-116,240,1,1,20190109,BOS,IND,2018-19,"Regular Season",2019-01-11T18:16:56.287
0021800607_188_1627759,"Shot Chart Detail",0021800607,188,1627759,"Jaylen Brown",1610612738,"Boston Celtics",2,8,57,"Missed Shot","Pullup Jump shot","2PT Field Goal",Mid-Range,Center(C),"8-16 ft.",14,-11,143,1,0,20190109,BOS,IND,2018-19,"Regular Season",2019-01-11T18:16:56.287
0021800607_196_201936,"Shot Chart Detail",0021800607,196,201936,"Tyreke Evans",1610612754,"Indiana Pacers",2,8,42,"Made Shot","Driving Layup Shot","2PT Field Goal","Restricted Area",Center(C),"Less Than 8 ft.",1,1,13,1,1,20190109,BOS,IND,2018-19,"Regular Season",2019-01-11T18:16:56.287
0021800607_19_202681,"Shot Chart Detail",0021800607,19,202681,"Kyrie Irving",1610612738,"Boston Celtics",1,10,18,"Made Shot","Driving Finger Roll Layup Shot","2PT Field Goal","Restricted Area",Center(C),"Less Than 8 ft.",2,19,15,1,1,20190109,BOS,IND,2018-19,"Regular Season",2019-01-11T18:16:56.287
0021800607_203_201143,"Shot Chart Detail",0021800607,203,201143,"Al Horford",1610612738,"Boston Celtics",2,8,15,"Made Shot","Layup Shot","2PT Field Goal","Restricted Area",Center(C),"Less Than 8 ft.",2,11,17,1,1,20190109,BOS,IND,2018-19,"Regular Season",2019-01-11T18:16:56.287
0021800607_205_203124,"Shot Chart Detail",0021800607,205,203124,"Kyle OQuinn",1610612754,"Indiana Pacers",2,8,0,"Missed Shot","Driving Bank Hook Shot","2PT Field Goal","In The Paint (Non-RA)",Center(C),"Less Than 8 ft.",7,65,36,1,0,20190109,BOS,IND,2018-19,"Regular Season",2019-01-11T18:16:56.287
0021800607_207_1627759,"Shot Chart Detail",0021800607,207,1627759,"Jaylen Brown",1610612738,"Boston Celtics",2,7,53,"Made Shot","Running Layup Shot","2PT Field Goal","In The Paint (Non-RA)","Right Side(R)","8-16 ft.",8,68,46,1,1,20190109,BOS,IND,2018-19,"Regular Season",2019-01-11T18:16:56.287
0021800607_20_202711,"Shot Chart Detail",0021800607,20,202711,"Bojan Bogdanovic",1610612754,"Indiana Pacers",1,10,7,"Made Shot","Jump Shot","3PT Field Goal","Right Corner 3","Right Side(R)","24+ ft.",24,235,64,1,1,20190109,BOS,IND,2018-19,"Regular Season",2019-01-11T18:16:56.287
0021800607_214_201936,"Shot Chart Detail",0021800607,214,201936,"Tyreke Evans",1610612754,"Indiana Pacers",2,7,26,"Missed Shot","Driving Layup Shot","2PT Field Goal","Restricted Area",Center(C),"Less Than 8 ft.",3,30,5,1,0,20190109,BOS,IND,2018-19,"Regular Season",2019-01-11T18:16:56.287
0021800607_216_201152,"Shot Chart Detail",0021800607,216,201152,"Thaddeus Young",1610612754,"Indiana Pacers",2,7,22,"Made Shot","Tip Layup Shot","2PT Field Goal","Restricted Area",Center(C),"Less Than 8 ft.",0,0,-6,1,1,20190109,BOS,IND,2018-19,"Regular Season",2019-01-11T18:16:56.287
0021800607_217_1627759,"Shot Chart Detail",0021800607,217,1627759,"Jaylen Brown",1610612738,"Boston Celtics",2,7,8,"Made Shot","Driving Layup Shot","2PT Field Goal","Restricted Area",Center(C),"Less Than 8 ft.",1,5,12,1,1,20190109,BOS,IND,2018-19,"Regular Season",2019-01-11T18:16:56.287
0021800607_218_1627734,"Shot Chart Detail",0021800607,218,1627734,"Domantas Sabonis",1610612754,"Indiana Pacers",2,6,53,"Made Shot","Driving Layup Shot","2PT Field Goal","In The Paint (Non-RA)",Center(C),"Less Than 8 ft.",4,28,31,1,1,20190109,BOS,IND,2018-19,"Regular Season",2019-01-11T18:16:56.287
0021800607_220_1627759,"Shot Chart Detail",0021800607,220,1627759,"Jaylen Brown",1610612738,"Boston Celtics",2,6,43,"Made Shot","Jump Shot","3PT Field Goal","Above the Break 3","Right Side Center(RC)","24+ ft.",25,173,191,1,1,20190109,BOS,IND,2018-19,"Regular Season",2019-01-11T18:16:56.287
0021800607_222_201936,"Shot Chart Detail",0021800607,222,201936,"Tyreke Evans",1610612754,"Indiana Pacers",2,6,27,"Missed Shot","Layup Shot","2PT Field Goal","In The Paint (Non-RA)",Center(C),"Less Than 8 ft.",5,23,46,1,0,20190109,BOS,IND,2018-19,"Regular Season",2019-01-11T18:16:56.287
0021800607_22_1628369,"Shot Chart Detail",0021800607,22,1628369,"Jayson Tatum",1610612738,"Boston Celtics",1,9,51,"Made Shot","Driving Finger Roll Layup Shot","2PT Field Goal","Restricted Area",Center(C),"Less Than 8 ft.",2,-16,13,1,1,20190109,BOS,IND,2018-19,"Regular Season",2019-01-11T18:16:56.287
0021800607_230_202709,"Shot Chart Detail",0021800607,230,202709,"Cory Joseph",1610612754,"Indiana Pacers",2,6,13,"Made Shot","Fadeaway Jump Shot","2PT Field Goal",Mid-Range,"Left Side(L)","8-16 ft.",11,-95,70,1,1,20190109,BOS,IND,2018-19,"Regular Season",2019-01-11T18:16:56.287
0021800607_231_201143,"Shot Chart Detail",0021800607,231,201143,"Al Horford",1610612738,"Boston Celtics",2,5,50,"Made Shot","Cutting Layup Shot","2PT Field Goal","Restricted Area",Center(C),"Less Than 8 ft.",2,9,18,1,1,20190109,BOS,IND,2018-19,"Regular Season",2019-01-11T18:16:56.287
0021800607_235_1627759,"Shot Chart Detail",0021800607,235,1627759,"Jaylen Brown",1610612738,"Boston Celtics",2,5,39,"Made Shot","Running Finger Roll Layup Shot","2PT Field Goal","In The Paint (Non-RA)",Center(C),"Less Than 8 ft.",4,16,43,1,1,20190109,BOS,IND,2018-19,"Regular Season",2019-01-11T18:16:56.287
0021800607_237_203506,"Shot Chart Detail",0021800607,237,203506,"Victor Oladipo",1610612754,"Indiana Pacers",2,5,22,"Missed Shot","Pullup Jump shot","2PT Field Goal","In The Paint (Non-RA)","Right Side(R)","8-16 ft.",14,72,124,1,0,20190109,BOS,IND,2018-19,"Regular Season",2019-01-11T18:16:56.287
0021800607_24_203506,"Shot Chart Detail",0021800607,24,203506,"Victor Oladipo",1610612754,"Indiana Pacers",1,9,46,"Missed Shot","Pullup Jump shot","3PT Field Goal","Above the Break 3","Right Side Center(RC)","24+ ft.",24,143,203,1,0,20190109,BOS,IND,2018-19,"Regular Season",2019-01-11T18:16:56.287
0021800607_250_202711,"Shot Chart Detail",0021800607,250,202711,"Bojan Bogdanovic",1610612754,"Indiana Pacers",2,5,0,"Missed Shot","Jump Shot","3PT Field Goal","Above the Break 3","Left Side Center(LC)","24+ ft.",26,-157,213,1,0,20190109,BOS,IND,2018-19,"Regular Season",2019-01-11T18:16:56.287
0021800607_254_203935,"Shot Chart Detail",0021800607,254,203935,"Marcus Smart",1610612738,"Boston Celtics",2,4,43,"Made Shot","Cutting Layup Shot","2PT Field Goal","Restricted Area",Center(C),"Less Than 8 ft.",1,-14,5,1,1,20190109,BOS,IND,2018-19,"Regular Season",2019-01-11T18:16:56.287
0021800607_256_201152,"Shot Chart Detail",0021800607,256,201152,"Thaddeus Young",1610612754,"Indiana Pacers",2,4,27,"Missed Shot","Reverse Layup Shot","2PT Field Goal","Restricted Area",Center(C),"Less Than 8 ft.",3,-31,6,1,0,20190109,BOS,IND,2018-19,"Regular Season",2019-01-11T18:16:56.287
0021800607_258_202694,"Shot Chart Detail",0021800607,258,202694,"Marcus Morris",1610612738,"Boston Celtics",2,4,15,"Missed Shot","Pullup Jump shot","2PT Field Goal",Mid-Range,"Left Side(L)","16-24 ft.",18,-182,-1,1,0,20190109,BOS,IND,2018-19,"Regular Season",2019-01-11T18:16:56.287
0021800607_263_202711,"Shot Chart Detail",0021800607,263,202711,"Bojan Bogdanovic",1610612754,"Indiana Pacers",2,3,50,"Missed Shot","Pullup Jump shot","3PT Field Goal","Left Corner 3","Left Side(L)","24+ ft.",22,-227,29,1,0,20190109,BOS,IND,2018-19,"Regular Season",2019-01-11T18:16:56.287
0021800607_26_1628369,"Shot Chart Detail",0021800607,26,1628369,"Jayson Tatum",1610612738,"Boston Celtics",1,9,32,"Made Shot","Jump Shot","3PT Field Goal","Above the Break 3","Left Side Center(LC)","24+ ft.",25,-119,230,1,1,20190109,BOS,IND,2018-19,"Regular Season",2019-01-11T18:16:56.287
0021800607_273_202694,"Shot Chart Detail",0021800607,273,202694,"Marcus Morris",1610612738,"Boston Celtics",2,3,12,"Made Shot","Jump Shot","3PT Field Goal","Above the Break 3","Left Side Center(LC)","24+ ft.",25,-229,109,1,1,20190109,BOS,IND,2018-19,"Regular Season",2019-01-11T18:16:56.287
0021800607_275_201152,"Shot Chart Detail",0021800607,275,201152,"Thaddeus Young",1610612754,"Indiana Pacers",2,2,53,"Missed Shot","Driving Hook Shot","2PT Field Goal","In The Paint (Non-RA)",Center(C),"Less Than 8 ft.",6,49,48,1,0,20190109,BOS,IND,2018-19,"Regular Season",2019-01-11T18:16:56.287
0021800607_277_1627734,"Shot Chart Detail",0021800607,277,1627734,"Domantas Sabonis",1610612754,"Indiana Pacers",2,2,52,"Made Shot","Tip Layup Shot","2PT Field Goal","Restricted Area",Center(C),"Less Than 8 ft.",0,0,-6,1,1,20190109,BOS,IND,2018-19,"Regular Season",2019-01-11T18:16:56.287
0021800607_278_202330,"Shot Chart Detail",0021800607,278,202330,"Gordon Hayward",1610612738,"Boston Celtics",2,2,40,"Made Shot","Jump Shot","3PT Field Goal","Right Corner 3","Right Side(R)","24+ ft.",23,233,-1,1,1,20190109,BOS,IND,2018-19,"Regular Season",2019-01-11T18:16:56.287
0021800607_289_202681,"Shot Chart Detail",0021800607,289,202681,"Kyrie Irving",1610612738,"Boston Celtics",2,2,13,"Missed Shot","Jump Shot","3PT Field Goal","Left Corner 3","Left Side(L)","24+ ft.",24,-242,-10,1,0,20190109,BOS,IND,2018-19,"Regular Season",2019-01-11T18:16:56.287
0021800607_301_202681,"Shot Chart Detail",0021800607,301,202681,"Kyrie Irving",1610612738,"Boston Celtics",2,1,47,"Missed Shot","Pullup Jump shot","2PT Field Goal",Mid-Range,Center(C),"16-24 ft.",16,38,159,1,0,20190109,BOS,IND,2018-19,"Regular Season",2019-01-11T18:16:56.287
0021800607_303_1628464,"Shot Chart Detail",0021800607,303,1628464,"Daniel Theis",1610612738,"Boston Celtics",2,1,36,"Made Shot","Cutting Layup Shot","2PT Field Goal","Restricted Area",Center(C),"Less Than 8 ft.",2,-24,10,1,1,20190109,BOS,IND,2018-19,"Regular Season",2019-01-11T18:16:56.287
0021800607_310_202711,"Shot Chart Detail",0021800607,310,202711,"Bojan Bogdanovic",1610612754,"Indiana Pacers",2,1,24,"Made Shot","Jump Shot","2PT Field Goal","In The Paint (Non-RA)",Center(C),"8-16 ft.",8,14,88,1,1,20190109,BOS,IND,2018-19,"Regular Season",2019-01-11T18:16:56.287
0021800607_312_202694,"Shot Chart Detail",0021800607,312,202694,"Marcus Morris",1610612738,"Boston Celtics",2,1,9,"Made Shot","Step Back Jump shot","2PT Field Goal",Mid-Range,Center(C),"16-24 ft.",16,4,167,1,1,20190109,BOS,IND,2018-19,"Regular Season",2019-01-11T18:16:56.287
0021800607_313_202711,"Shot Chart Detail",0021800607,313,202711,"Bojan Bogdanovic",1610612754,"Indiana Pacers",2,0,57,"Missed Shot","Pullup Jump shot","2PT Field Goal",Mid-Range,Center(C),"16-24 ft.",19,-8,190,1,0,20190109,BOS,IND,2018-19,"Regular Season",2019-01-11T18:16:56.287
0021800607_315_1628464,"Shot Chart Detail",0021800607,315,1628464,"Daniel Theis",1610612738,"Boston Celtics",2,0,50,"Made Shot","Cutting Layup Shot","2PT Field Goal","Restricted Area",Center(C),"Less Than 8 ft.",2,11,27,1,1,20190109,BOS,IND,2018-19,"Regular Season",2019-01-11T18:16:56.287
0021800607_317_201152,"Shot Chart Detail",0021800607,317,201152,"Thaddeus Young",1610612754,"Indiana Pacers",2,0,36,"Made Shot","Hook Shot","2PT Field Goal","In The Paint (Non-RA)",Center(C),"Less Than 8 ft.",6,-26,55,1,1,20190109,BOS,IND,2018-19,"Regular Season",2019-01-11T18:16:56.287
0021800607_319_202681,"Shot Chart Detail",0021800607,319,202681,"Kyrie Irving",1610612738,"Boston Celtics",2,0,31,"Made Shot","Pullup Jump shot","3PT Field Goal","Above the Break 3","Right Side Center(RC)","24+ ft.",24,122,217,1,1,20190109,BOS,IND,2018-19,"Regular Season",2019-01-11T18:16:56.287
0021800607_31_202694,"Shot Chart Detail",0021800607,31,202694,"Marcus Morris",1610612738,"Boston Celtics",1,8,57,"Made Shot","Step Back Jump shot","2PT Field Goal",Mid-Range,Center(C),"16-24 ft.",17,-33,168,1,1,20190109,BOS,IND,2018-19,"Regular Season",2019-01-11T18:16:56.287
0021800607_320_203124,"Shot Chart Detail",0021800607,320,203124,"Kyle OQuinn",1610612754,"Indiana Pacers",2,0,10,"Made Shot","Jump Shot","2PT Field Goal",Mid-Range,Center(C),"16-24 ft.",20,-44,203,1,1,20190109,BOS,IND,2018-19,"Regular Season",2019-01-11T18:16:56.287
0021800607_322_1628464,"Shot Chart Detail",0021800607,322,1628464,"Daniel Theis",1610612738,"Boston Celtics",2,0,3,"Missed Shot","Jump Shot","3PT Field Goal","Right Corner 3","Right Side(R)","24+ ft.",23,230,5,1,0,20190109,BOS,IND,2018-19,"Regular Season",2019-01-11T18:16:56.287
0021800607_32_202711,"Shot Chart Detail",0021800607,32,202711,"Bojan Bogdanovic",1610612754,"Indiana Pacers",1,8,45,"Missed Shot","Driving Hook Shot","2PT Field Goal","In The Paint (Non-RA)",Center(C),"8-16 ft.",8,-35,72,1,0,20190109,BOS,IND,2018-19,"Regular Season",2019-01-11T18:16:56.287
0021800607_334_1627734,"Shot Chart Detail",0021800607,334,1627734,"Domantas Sabonis",1610612754,"Indiana Pacers",3,11,42,"Missed Shot","Turnaround Hook Shot","2PT Field Goal","In The Paint (Non-RA)",Center(C),"Less Than 8 ft.",5,-54,8,1,0,20190109,BOS,IND,2018-19,"Regular Season",2019-01-11T18:16:56.287
0021800607_336_201152,"Shot Chart Detail",0021800607,336,201152,"Thaddeus Young",1610612754,"Indiana Pacers",3,11,38,"Missed Shot","Tip Layup Shot","2PT Field Goal","Restricted Area",Center(C),"Less Than 8 ft.",0,0,-6,1,0,20190109,BOS,IND,2018-19,"Regular Season",2019-01-11T18:16:56.287
0021800607_338_201152,"Shot Chart Detail",0021800607,338,201152,"Thaddeus Young",1610612754,"Indiana Pacers",3,11,34,"Missed Shot","Hook Shot","2PT Field Goal","Restricted Area",Center(C),"Less Than 8 ft.",0,0,-6,1,0,20190109,BOS,IND,2018-19,"Regular Season",2019-01-11T18:16:56.287
0021800607_341_201152,"Shot Chart Detail",0021800607,341,201152,"Thaddeus Young",1610612754,"Indiana Pacers",3,11,3,"Missed Shot","Hook Shot","2PT Field Goal","In The Paint (Non-RA)",Center(C),"Less Than 8 ft.",5,-52,16,1,0,20190109,BOS,IND,2018-19,"Regular Season",2019-01-11T18:16:56.287
0021800607_343_201143,"Shot Chart Detail",0021800607,343,201143,"Al Horford",1610612738,"Boston Celtics",3,10,54,"Missed Shot","Alley Oop Layup shot","2PT Field Goal","Restricted Area",Center(C),"Less Than 8 ft.",1,15,3,1,0,20190109,BOS,IND,2018-19,"Regular Season",2019-01-11T18:16:56.287
0021800607_345_201954,"Shot Chart Detail",0021800607,345,201954,"Darren Collison",1610612754,"Indiana Pacers",3,10,49,"Made Shot","Driving Layup Shot","2PT Field Goal","Restricted Area",Center(C),"Less Than 8 ft.",1,-12,8,1,1,20190109,BOS,IND,2018-19,"Regular Season",2019-01-11T18:16:56.287
0021800607_352_202694,"Shot Chart Detail",0021800607,352,202694,"Marcus Morris",1610612738,"Boston Celtics",3,10,6,"Made Shot","Fadeaway Jump Shot","2PT Field Goal",Mid-Range,"Left Side(L)","8-16 ft.",9,-90,25,1,1,20190109,BOS,IND,2018-19,"Regular Season",2019-01-11T18:16:56.287
0021800607_354_202694,"Shot Chart Detail",0021800607,354,202694,"Marcus Morris",1610612738,"Boston Celtics",3,9,49,"Made Shot","Jump Shot","3PT Field Goal","Above the Break 3","Left Side Center(LC)","24+ ft.",24,-161,188,1,1,20190109,BOS,IND,2018-19,"Regular Season",2019-01-11T18:16:56.287
0021800607_357_203506,"Shot Chart Detail",0021800607,357,203506,"Victor Oladipo",1610612754,"Indiana Pacers",3,9,32,"Made Shot","Pullup Jump shot","2PT Field Goal",Mid-Range,"Left Side Center(LC)","16-24 ft.",21,-160,138,1,1,20190109,BOS,IND,2018-19,"Regular Season",2019-01-11T18:16:56.287
0021800607_358_1628369,"Shot Chart Detail",0021800607,358,1628369,"Jayson Tatum",1610612738,"Boston Celtics",3,9,14,"Made Shot","Cutting Dunk Shot","2PT Field Goal","Restricted Area",Center(C),"Less Than 8 ft.",2,13,16,1,1,20190109,BOS,IND,2018-19,"Regular Season",2019-01-11T18:16:56.287
0021800607_360_203506,"Shot Chart Detail",0021800607,360,203506,"Victor Oladipo",1610612754,"Indiana Pacers",3,8,56,"Missed Shot","Jump Shot","2PT Field Goal",Mid-Range,"Right Side Center(RC)","16-24 ft.",19,83,178,1,0,20190109,BOS,IND,2018-19,"Regular Season",2019-01-11T18:16:56.287
0021800607_366_201954,"Shot Chart Detail",0021800607,366,201954,"Darren Collison",1610612754,"Indiana Pacers",3,8,23,"Missed Shot","Jump Shot","2PT Field Goal","In The Paint (Non-RA)",Center(C),"8-16 ft.",13,-45,126,1,0,20190109,BOS,IND,2018-19,"Regular Season",2019-01-11T18:16:56.287
0021800607_368_202681,"Shot Chart Detail",0021800607,368,202681,"Kyrie Irving",1610612738,"Boston Celtics",3,8,15,"Made Shot","Running Pull-Up Jump Shot","2PT Field Goal",Mid-Range,"Right Side Center(RC)","16-24 ft.",18,125,130,1,1,20190109,BOS,IND,2018-19,"Regular Season",2019-01-11T18:16:56.287
0021800607_369_202711,"Shot Chart Detail",0021800607,369,202711,"Bojan Bogdanovic",1610612754,"Indiana Pacers",3,7,55,"Missed Shot","Jump Shot","3PT Field Goal","Above the Break 3","Left Side Center(LC)","24+ ft.",25,-134,214,1,0,20190109,BOS,IND,2018-19,"Regular Season",2019-01-11T18:16:56.287
0021800607_36_201143,"Shot Chart Detail",0021800607,36,201143,"Al Horford",1610612738,"Boston Celtics",1,8,27,"Made Shot","Turnaround Hook Shot","2PT Field Goal","In The Paint (Non-RA)",Center(C),"Less Than 8 ft.",6,-41,55,1,1,20190109,BOS,IND,2018-19,"Regular Season",2019-01-11T18:16:56.287
0021800607_371_1628369,"Shot Chart Detail",0021800607,371,1628369,"Jayson Tatum",1610612738,"Boston Celtics",3,7,44,"Missed Shot","Jump Shot","3PT Field Goal","Left Corner 3","Left Side(L)","24+ ft.",22,-225,30,1,0,20190109,BOS,IND,2018-19,"Regular Season",2019-01-11T18:16:56.287
0021800607_375_202711,"Shot Chart Detail",0021800607,375,202711,"Bojan Bogdanovic",1610612754,"Indiana Pacers",3,7,24,"Made Shot","Turnaround Fadeaway shot","2PT Field Goal","In The Paint (Non-RA)","Right Side(R)","8-16 ft.",8,57,65,1,1,20190109,BOS,IND,2018-19,"Regular Season",2019-01-11T18:16:56.287
0021800607_37_201152,"Shot Chart Detail",0021800607,37,201152,"Thaddeus Young",1610612754,"Indiana Pacers",1,8,6,"Missed Shot","Turnaround Hook Shot","2PT Field Goal","Restricted Area",Center(C),"Less Than 8 ft.",3,-33,-2,1,0,20190109,BOS,IND,2018-19,"Regular Season",2019-01-11T18:16:56.287
0021800607_386_202681,"Shot Chart Detail",0021800607,386,202681,"Kyrie Irving",1610612738,"Boston Celtics",3,6,54,"Made Shot","Fadeaway Jump Shot","2PT Field Goal","In The Paint (Non-RA)",Center(C),"Less Than 8 ft.",4,-43,17,1,1,20190109,BOS,IND,2018-19,"Regular Season",2019-01-11T18:16:56.287
0021800607_387_203506,"Shot Chart Detail",0021800607,387,203506,"Victor Oladipo",1610612754,"Indiana Pacers",3,6,36,"Missed Shot","Driving Finger Roll Layup Shot","2PT Field Goal","Restricted Area",Center(C),"Less Than 8 ft.",3,-22,28,1,0,20190109,BOS,IND,2018-19,"Regular Season",2019-01-11T18:16:56.287
0021800607_389_1628369,"Shot Chart Detail",0021800607,389,1628369,"Jayson Tatum",1610612738,"Boston Celtics",3,6,31,"Missed Shot","Pullup Jump shot","3PT Field Goal","Above the Break 3","Right Side Center(RC)","24+ ft.",27,149,231,1,0,20190109,BOS,IND,2018-19,"Regular Season",2019-01-11T18:16:56.287
0021800607_391_203506,"Shot Chart Detail",0021800607,391,203506,"Victor Oladipo",1610612754,"Indiana Pacers",3,6,22,"Made Shot","Jump Shot","3PT Field Goal","Above the Break 3","Left Side Center(LC)","24+ ft.",25,-188,178,1,1,20190109,BOS,IND,2018-19,"Regular Season",2019-01-11T18:16:56.287
0021800607_395_201954,"Shot Chart Detail",0021800607,395,201954,"Darren Collison",1610612754,"Indiana Pacers",3,6,0,"Made Shot","Running Finger Roll Layup Shot","2PT Field Goal","Restricted Area",Center(C),"Less Than 8 ft.",2,-8,20,1,1,20190109,BOS,IND,2018-19,"Regular Season",2019-01-11T18:16:56.287
0021800607_401_1627734,"Shot Chart Detail",0021800607,401,1627734,"Domantas Sabonis",1610612754,"Indiana Pacers",3,5,31,"Made Shot","Turnaround Hook Shot","2PT Field Goal","In The Paint (Non-RA)",Center(C),"Less Than 8 ft.",4,38,20,1,1,20190109,BOS,IND,2018-19,"Regular Season",2019-01-11T18:16:56.287
0021800607_402_1628464,"Shot Chart Detail",0021800607,402,1628464,"Daniel Theis",1610612738,"Boston Celtics",3,5,11,"Made Shot","Jump Shot","2PT Field Goal",Mid-Range,"Left Side(L)","8-16 ft.",11,-98,62,1,1,20190109,BOS,IND,2018-19,"Regular Season",2019-01-11T18:16:56.287
0021800607_407_201954,"Shot Chart Detail",0021800607,407,201954,"Darren Collison",1610612754,"Indiana Pacers",3,5,3,"Missed Shot","Jump Shot","3PT Field Goal","Above the Break 3","Left Side Center(LC)","24+ ft.",27,-148,227,1,0,20190109,BOS,IND,2018-19,"Regular Season",2019-01-11T18:16:56.287
0021800607_40_203935,"Shot Chart Detail",0021800607,40,203935,"Marcus Smart",1610612738,"Boston Celtics",1,7,58,"Missed Shot","Pullup Jump shot","3PT Field Goal","Above the Break 3","Left Side Center(LC)","24+ ft.",26,-147,222,1,0,20190109,BOS,IND,2018-19,"Regular Season",2019-01-11T18:16:56.287
0021800607_419_203506,"Shot Chart Detail",0021800607,419,203506,"Victor Oladipo",1610612754,"Indiana Pacers",3,4,32,"Missed Shot","Jump Shot","3PT Field Goal","Above the Break 3","Left Side Center(LC)","24+ ft.",26,-157,211,1,0,20190109,BOS,IND,2018-19,"Regular Season",2019-01-11T18:16:56.287
0021800607_422_202330,"Shot Chart Detail",0021800607,422,202330,"Gordon Hayward",1610612738,"Boston Celtics",3,4,18,"Made Shot","Jump Shot","3PT Field Goal","Above the Break 3","Left Side Center(LC)","24+ ft.",25,-226,110,1,1,20190109,BOS,IND,2018-19,"Regular Season",2019-01-11T18:16:56.287
0021800607_42_201954,"Shot Chart Detail",0021800607,42,201954,"Darren Collison",1610612754,"Indiana Pacers",1,7,46,"Missed Shot","Driving Reverse Layup Shot","2PT Field Goal","Restricted Area",Center(C),"Less Than 8 ft.",3,-29,19,1,0,20190109,BOS,IND,2018-19,"Regular Season",2019-01-11T18:16:56.287
0021800607_430_1627759,"Shot Chart Detail",0021800607,430,1627759,"Jaylen Brown",1610612738,"Boston Celtics",3,3,47,"Made Shot","Cutting Layup Shot","2PT Field Goal","Restricted Area",Center(C),"Less Than 8 ft.",2,6,24,1,1,20190109,BOS,IND,2018-19,"Regular Season",2019-01-11T18:16:56.287
0021800607_441_1628464,"Shot Chart Detail",0021800607,441,1628464,"Daniel Theis",1610612738,"Boston Celtics",3,3,22,"Made Shot","Cutting Dunk Shot","2PT Field Goal","Restricted Area",Center(C),"Less Than 8 ft.",1,6,19,1,1,20190109,BOS,IND,2018-19,"Regular Season",2019-01-11T18:16:56.287
0021800607_44_1628369,"Shot Chart Detail",0021800607,44,1628369,"Jayson Tatum",1610612738,"Boston Celtics",1,7,37,"Made Shot","Pullup Jump shot","2PT Field Goal","In The Paint (Non-RA)",Center(C),"8-16 ft.",10,49,91,1,1,20190109,BOS,IND,2018-19,"Regular Season",2019-01-11T18:16:56.287
0021800607_453_201936,"Shot Chart Detail",0021800607,453,201936,"Tyreke Evans",1610612754,"Indiana Pacers",3,2,48,"Missed Shot","Jump Shot","3PT Field Goal","Above the Break 3","Right Side Center(RC)","24+ ft.",25,171,193,1,0,20190109,BOS,IND,2018-19,"Regular Season",2019-01-11T18:16:56.287
0021800607_455_1627734,"Shot Chart Detail",0021800607,455,1627734,"Domantas Sabonis",1610612754,"Indiana Pacers",3,2,46,"Made Shot","Tip Layup Shot","2PT Field Goal","Restricted Area",Center(C),"Less Than 8 ft.",0,0,-6,1,1,20190109,BOS,IND,2018-19,"Regular Season",2019-01-11T18:16:56.287
0021800607_456_202330,"Shot Chart Detail",0021800607,456,202330,"Gordon Hayward",1610612738,"Boston Celtics",3,2,22,"Missed Shot","Pullup Jump shot","2PT Field Goal",Mid-Range,Center(C),"16-24 ft.",16,-15,169,1,0,20190109,BOS,IND,2018-19,"Regular Season",2019-01-11T18:16:56.287
0021800607_458_201936,"Shot Chart Detail",0021800607,458,201936,"Tyreke Evans",1610612754,"Indiana Pacers",3,2,14,"Missed Shot","Driving Layup Shot","2PT Field Goal","Restricted Area",Center(C),"Less Than 8 ft.",2,21,10,1,0,20190109,BOS,IND,2018-19,"Regular Season",2019-01-11T18:16:56.287
0021800607_461_203506,"Shot Chart Detail",0021800607,461,203506,"Victor Oladipo",1610612754,"Indiana Pacers",3,2,10,"Missed Shot","Jump Shot","3PT Field Goal","Above the Break 3","Right Side Center(RC)","24+ ft.",28,176,218,1,0,20190109,BOS,IND,2018-19,"Regular Season",2019-01-11T18:16:56.287
0021800607_468_1626179,"Shot Chart Detail",0021800607,468,1626179,"Terry Rozier",1610612738,"Boston Celtics",3,1,53,"Made Shot","Jump Shot","3PT Field Goal","Above the Break 3","Left Side Center(LC)","24+ ft.",25,-167,199,1,1,20190109,BOS,IND,2018-19,"Regular Season",2019-01-11T18:16:56.287
0021800607_470_1627734,"Shot Chart Detail",0021800607,470,1627734,"Domantas Sabonis",1610612754,"Indiana Pacers",3,1,37,"Missed Shot","Jump Shot","2PT Field Goal",Mid-Range,"Left Side Center(LC)","16-24 ft.",18,-89,167,1,0,20190109,BOS,IND,2018-19,"Regular Season",2019-01-11T18:16:56.287
0021800607_472_1626179,"Shot Chart Detail",0021800607,472,1626179,"Terry Rozier",1610612738,"Boston Celtics",3,1,27,"Made Shot","Step Back Jump shot","3PT Field Goal","Above the Break 3","Left Side Center(LC)","24+ ft.",25,-177,185,1,1,20190109,BOS,IND,2018-19,"Regular Season",2019-01-11T18:16:56.287
0021800607_473_1627734,"Shot Chart Detail",0021800607,473,1627734,"Domantas Sabonis",1610612754,"Indiana Pacers",3,1,15,"Made Shot","Jump Shot","2PT Field Goal",Mid-Range,"Right Side Center(RC)","16-24 ft.",18,127,134,1,1,20190109,BOS,IND,2018-19,"Regular Season",2019-01-11T18:16:56.287
0021800607_475_1627759,"Shot Chart Detail",0021800607,475,1627759,"Jaylen Brown",1610612738,"Boston Celtics",3,1,4,"Made Shot","Jump Shot","3PT Field Goal","Left Corner 3","Left Side(L)","24+ ft.",22,-227,-2,1,1,20190109,BOS,IND,2018-19,"Regular Season",2019-01-11T18:16:56.287
0021800607_477_203506,"Shot Chart Detail",0021800607,477,203506,"Victor Oladipo",1610612754,"Indiana Pacers",3,0,50,"Made Shot","Jump Shot","2PT Field Goal",Mid-Range,Center(C),"16-24 ft.",22,11,227,1,1,20190109,BOS,IND,2018-19,"Regular Season",2019-01-11T18:16:56.287
0021800607_480_1626179,"Shot Chart Detail",0021800607,480,1626179,"Terry Rozier",1610612738,"Boston Celtics",3,0,35,"Missed Shot","Driving Finger Roll Layup Shot","2PT Field Goal","Restricted Area",Center(C),"Less Than 8 ft.",3,32,22,1,0,20190109,BOS,IND,2018-19,"Regular Season",2019-01-11T18:16:56.287
0021800607_482_1628464,"Shot Chart Detail",0021800607,482,1628464,"Daniel Theis",1610612738,"Boston Celtics",3,0,33,"Missed Shot","Tip Layup Shot","2PT Field Goal","Restricted Area",Center(C),"Less Than 8 ft.",0,0,-6,1,0,20190109,BOS,IND,2018-19,"Regular Season",2019-01-11T18:16:56.287
0021800607_484_203506,"Shot Chart Detail",0021800607,484,203506,"Victor Oladipo",1610612754,"Indiana Pacers",3,0,16,"Made Shot","Driving Layup Shot","2PT Field Goal","Restricted Area",Center(C),"Less Than 8 ft.",1,13,5,1,1,20190109,BOS,IND,2018-19,"Regular Season",2019-01-11T18:16:56.287
0021800607_49_202711,"Shot Chart Detail",0021800607,49,202711,"Bojan Bogdanovic",1610612754,"Indiana Pacers",1,7,26,"Missed Shot","Fadeaway Jump Shot","2PT Field Goal","In The Paint (Non-RA)","Right Side(R)","8-16 ft.",14,77,125,1,0,20190109,BOS,IND,2018-19,"Regular Season",2019-01-11T18:16:56.287
0021800607_502_202330,"Shot Chart Detail",0021800607,502,202330,"Gordon Hayward",1610612738,"Boston Celtics",4,11,40,"Made Shot","Pullup Jump shot","2PT Field Goal",Mid-Range,"Right Side Center(RC)","16-24 ft.",20,107,169,1,1,20190109,BOS,IND,2018-19,"Regular Season",2019-01-11T18:16:56.287
0021800607_505_1629057,"Shot Chart Detail",0021800607,505,1629057,"Robert Williams III",1610612738,"Boston Celtics",4,11,20,"Made Shot","Running Layup Shot","2PT Field Goal","Restricted Area",Center(C),"Less Than 8 ft.",0,1,6,1,1,20190109,BOS,IND,2018-19,"Regular Season",2019-01-11T18:16:56.287
0021800607_507_203926,"Shot Chart Detail",0021800607,507,203926,"Doug McDermott",1610612754,"Indiana Pacers",4,11,3,"Missed Shot","Driving Floating Bank Jump Shot","2PT Field Goal","In The Paint (Non-RA)","Left Side(L)","8-16 ft.",8,-77,36,1,0,20190109,BOS,IND,2018-19,"Regular Season",2019-01-11T18:16:56.287
0021800607_509_202330,"Shot Chart Detail",0021800607,509,202330,"Gordon Hayward",1610612738,"Boston Celtics",4,10,57,"Made Shot","Running Layup Shot","2PT Field Goal","Restricted Area",Center(C),"Less Than 8 ft.",0,6,-6,1,1,20190109,BOS,IND,2018-19,"Regular Season",2019-01-11T18:16:56.287
0021800607_511_202709,"Shot Chart Detail",0021800607,511,202709,"Cory Joseph",1610612754,"Indiana Pacers",4,10,42,"Made Shot","Fadeaway Jump Shot","2PT Field Goal",Mid-Range,"Right Side(R)","8-16 ft.",8,86,13,1,1,20190109,BOS,IND,2018-19,"Regular Season",2019-01-11T18:16:56.287
0021800607_512_1626179,"Shot Chart Detail",0021800607,512,1626179,"Terry Rozier",1610612738,"Boston Celtics",4,10,30,"Made Shot","Driving Layup Shot","2PT Field Goal","Restricted Area",Center(C),"Less Than 8 ft.",1,-3,11,1,1,20190109,BOS,IND,2018-19,"Regular Season",2019-01-11T18:16:56.287
0021800607_513_201936,"Shot Chart Detail",0021800607,513,201936,"Tyreke Evans",1610612754,"Indiana Pacers",4,10,20,"Made Shot","Fadeaway Jump Shot","2PT Field Goal","In The Paint (Non-RA)",Center(C),"8-16 ft.",8,-14,85,1,1,20190109,BOS,IND,2018-19,"Regular Season",2019-01-11T18:16:56.287
0021800607_519_1627759,"Shot Chart Detail",0021800607,519,1627759,"Jaylen Brown",1610612738,"Boston Celtics",4,10,8,"Missed Shot","Turnaround Jump Shot","2PT Field Goal",Mid-Range,"Left Side(L)","8-16 ft.",13,-97,88,1,0,20190109,BOS,IND,2018-19,"Regular Season",2019-01-11T18:16:56.287
0021800607_51_202681,"Shot Chart Detail",0021800607,51,202681,"Kyrie Irving",1610612738,"Boston Celtics",1,7,13,"Missed Shot","Jump Shot","2PT Field Goal",Mid-Range,"Right Side(R)","16-24 ft.",19,190,-26,1,0,20190109,BOS,IND,2018-19,"Regular Season",2019-01-11T18:16:56.287
0021800607_527_1628400,"Shot Chart Detail",0021800607,527,1628400,"Semi Ojeleye",1610612738,"Boston Celtics",4,9,45,"Missed Shot","Fadeaway Jump Shot","2PT Field Goal","In The Paint (Non-RA)","Right Side(R)","8-16 ft.",8,62,62,1,0,20190109,BOS,IND,2018-19,"Regular Season",2019-01-11T18:16:56.287
0021800607_529_201936,"Shot Chart Detail",0021800607,529,201936,"Tyreke Evans",1610612754,"Indiana Pacers",4,9,36,"Missed Shot","Driving Layup Shot","2PT Field Goal","Restricted Area",Center(C),"Less Than 8 ft.",2,0,27,1,0,20190109,BOS,IND,2018-19,"Regular Season",2019-01-11T18:16:56.287
0021800607_531_1627759,"Shot Chart Detail",0021800607,531,1627759,"Jaylen Brown",1610612738,"Boston Celtics",4,9,31,"Missed Shot","Jump Shot","3PT Field Goal","Above the Break 3","Right Side Center(RC)","24+ ft.",26,148,219,1,0,20190109,BOS,IND,2018-19,"Regular Season",2019-01-11T18:16:56.287
0021800607_533_1628388,"Shot Chart Detail",0021800607,533,1628388,"TJ Leaf",1610612754,"Indiana Pacers",4,9,25,"Made Shot","Running Dunk Shot","2PT Field Goal","Restricted Area",Center(C),"Less Than 8 ft.",1,-11,7,1,1,20190109,BOS,IND,2018-19,"Regular Season",2019-01-11T18:16:56.287
0021800607_536_203926,"Shot Chart Detail",0021800607,536,203926,"Doug McDermott",1610612754,"Indiana Pacers",4,8,51,"Made Shot","Jump Shot","3PT Field Goal","Left Corner 3","Left Side(L)","24+ ft.",22,-228,0,1,1,20190109,BOS,IND,2018-19,"Regular Season",2019-01-11T18:16:56.287
0021800607_539_1626179,"Shot Chart Detail",0021800607,539,1626179,"Terry Rozier",1610612738,"Boston Celtics",4,8,32,"Made Shot","Step Back Jump shot","3PT Field Goal","Above the Break 3",Center(C),"24+ ft.",26,-81,251,1,1,20190109,BOS,IND,2018-19,"Regular Season",2019-01-11T18:16:56.287
0021800607_53_201954,"Shot Chart Detail",0021800607,53,201954,"Darren Collison",1610612754,"Indiana Pacers",1,6,50,"Missed Shot","Step Back Jump shot","3PT Field Goal","Left Corner 3","Left Side(L)","24+ ft.",23,-237,-10,1,0,20190109,BOS,IND,2018-19,"Regular Season",2019-01-11T18:16:56.287
0021800607_548_202709,"Shot Chart Detail",0021800607,548,202709,"Cory Joseph",1610612754,"Indiana Pacers",4,8,10,"Missed Shot","Jump Shot","3PT Field Goal","Above the Break 3","Right Side Center(RC)","24+ ft.",25,135,220,1,0,20190109,BOS,IND,2018-19,"Regular Season",2019-01-11T18:16:56.287
0021800607_550_1628369,"Shot Chart Detail",0021800607,550,1628369,"Jayson Tatum",1610612738,"Boston Celtics",4,8,3,"Made Shot","Pullup Jump shot","3PT Field Goal","Above the Break 3","Left Side Center(LC)","24+ ft.",25,-168,195,1,1,20190109,BOS,IND,2018-19,"Regular Season",2019-01-11T18:16:56.287
0021800607_552_203926,"Shot Chart Detail",0021800607,552,203926,"Doug McDermott",1610612754,"Indiana Pacers",4,7,52,"Missed Shot","Jump Shot","3PT Field Goal","Above the Break 3","Left Side Center(LC)","24+ ft.",26,-107,239,1,0,20190109,BOS,IND,2018-19,"Regular Season",2019-01-11T18:16:56.287
0021800607_558_201936,"Shot Chart Detail",0021800607,558,201936,"Tyreke Evans",1610612754,"Indiana Pacers",4,7,28,"Made Shot","Jump Shot","3PT Field Goal","Above the Break 3",Center(C),"24+ ft.",26,73,251,1,1,20190109,BOS,IND,2018-19,"Regular Season",2019-01-11T18:16:56.287
0021800607_560_1628400,"Shot Chart Detail",0021800607,560,1628400,"Semi Ojeleye",1610612738,"Boston Celtics",4,7,15,"Missed Shot","Jump Shot","3PT Field Goal","Above the Break 3","Right Side Center(RC)","24+ ft.",27,107,252,1,0,20190109,BOS,IND,2018-19,"Regular Season",2019-01-11T18:16:56.287
0021800607_562_201936,"Shot Chart Detail",0021800607,562,201936,"Tyreke Evans",1610612754,"Indiana Pacers",4,7,5,"Missed Shot","Jump Shot","3PT Field Goal","Above the Break 3","Right Side Center(RC)","24+ ft.",25,181,182,1,0,20190109,BOS,IND,2018-19,"Regular Season",2019-01-11T18:16:56.287
0021800607_564_1626179,"Shot Chart Detail",0021800607,564,1626179,"Terry Rozier",1610612738,"Boston Celtics",4,6,55,"Missed Shot","Driving Floating Bank Jump Shot","2PT Field Goal","In The Paint (Non-RA)","Right Side(R)","8-16 ft.",9,77,50,1,0,20190109,BOS,IND,2018-19,"Regular Season",2019-01-11T18:16:56.287
0021800607_566_202709,"Shot Chart Detail",0021800607,566,202709,"Cory Joseph",1610612754,"Indiana Pacers",4,6,46,"Missed Shot","Driving Layup Shot","2PT Field Goal","In The Paint (Non-RA)",Center(C),"Less Than 8 ft.",5,-54,8,1,0,20190109,BOS,IND,2018-19,"Regular Season",2019-01-11T18:16:56.287
0021800607_568_202709,"Shot Chart Detail",0021800607,568,202709,"Cory Joseph",1610612754,"Indiana Pacers",4,6,40,"Missed Shot","Jump Shot","3PT Field Goal","Right Corner 3","Right Side(R)","24+ ft.",22,220,1,1,0,20190109,BOS,IND,2018-19,"Regular Season",2019-01-11T18:16:56.287
0021800607_56_202681,"Shot Chart Detail",0021800607,56,202681,"Kyrie Irving",1610612738,"Boston Celtics",1,6,34,"Missed Shot","Pullup Jump shot","2PT Field Goal",Mid-Range,Center(C),"8-16 ft.",14,-11,148,1,0,20190109,BOS,IND,2018-19,"Regular Season",2019-01-11T18:16:56.287
0021800607_570_1628369,"Shot Chart Detail",0021800607,570,1628369,"Jayson Tatum",1610612738,"Boston Celtics",4,6,34,"Missed Shot","Jump Shot","3PT Field Goal","Above the Break 3","Right Side Center(RC)","24+ ft.",26,208,156,1,0,20190109,BOS,IND,2018-19,"Regular Season",2019-01-11T18:16:56.287
0021800607_576_1627759,"Shot Chart Detail",0021800607,576,1627759,"Jaylen Brown",1610612738,"Boston Celtics",4,6,11,"Made Shot","Jump Shot","2PT Field Goal",Mid-Range,"Left Side(L)","8-16 ft.",15,-107,108,1,1,20190109,BOS,IND,2018-19,"Regular Season",2019-01-11T18:16:56.287
0021800607_589_203124,"Shot Chart Detail",0021800607,589,203124,"Kyle OQuinn",1610612754,"Indiana Pacers",4,5,49,"Made Shot","Jump Shot","2PT Field Goal",Mid-Range,"Left Side Center(LC)","16-24 ft.",19,-103,160,1,1,20190109,BOS,IND,2018-19,"Regular Season",2019-01-11T18:16:56.287
0021800607_58_201954,"Shot Chart Detail",0021800607,58,201954,"Darren Collison",1610612754,"Indiana Pacers",1,6,19,"Made Shot","Jump Shot","3PT Field Goal","Right Corner 3","Right Side(R)","24+ ft.",24,237,41,1,1,20190109,BOS,IND,2018-19,"Regular Season",2019-01-11T18:16:56.287
0021800607_591_1628400,"Shot Chart Detail",0021800607,591,1628400,"Semi Ojeleye",1610612738,"Boston Celtics",4,5,28,"Missed Shot","Jump Shot","3PT Field Goal","Above the Break 3","Right Side Center(RC)","24+ ft.",26,175,197,1,0,20190109,BOS,IND,2018-19,"Regular Season",2019-01-11T18:16:56.287
0021800607_593_201936,"Shot Chart Detail",0021800607,593,201936,"Tyreke Evans",1610612754,"Indiana Pacers",4,5,16,"Missed Shot","Driving Layup Shot","2PT Field Goal","Restricted Area",Center(C),"Less Than 8 ft.",2,14,25,1,0,20190109,BOS,IND,2018-19,"Regular Season",2019-01-11T18:16:56.287
0021800607_596_1628400,"Shot Chart Detail",0021800607,596,1628400,"Semi Ojeleye",1610612738,"Boston Celtics",4,5,10,"Made Shot","Running Layup Shot","2PT Field Goal","Restricted Area",Center(C),"Less Than 8 ft.",1,1,13,1,1,20190109,BOS,IND,2018-19,"Regular Season",2019-01-11T18:16:56.287
0021800607_597_201936,"Shot Chart Detail",0021800607,597,201936,"Tyreke Evans",1610612754,"Indiana Pacers",4,4,56,"Missed Shot","Jump Shot","3PT Field Goal","Above the Break 3","Left Side Center(LC)","24+ ft.",26,-195,179,1,0,20190109,BOS,IND,2018-19,"Regular Season",2019-01-11T18:16:56.287
0021800607_599_1627824,"Shot Chart Detail",0021800607,599,1627824,"Guerschon Yabusele",1610612738,"Boston Celtics",4,4,36,"Missed Shot","Jump Shot","3PT Field Goal","Right Corner 3","Right Side(R)","24+ ft.",23,235,34,1,0,20190109,BOS,IND,2018-19,"Regular Season",2019-01-11T18:16:56.287
0021800607_601_1627759,"Shot Chart Detail",0021800607,601,1627759,"Jaylen Brown",1610612738,"Boston Celtics",4,4,30,"Missed Shot","Jump Shot","3PT Field Goal","Above the Break 3","Right Side Center(RC)","24+ ft.",26,117,234,1,0,20190109,BOS,IND,2018-19,"Regular Season",2019-01-11T18:16:56.287
0021800607_606_203926,"Shot Chart Detail",0021800607,606,203926,"Doug McDermott",1610612754,"Indiana Pacers",4,4,18,"Missed Shot","Fadeaway Jump Shot","2PT Field Goal",Mid-Range,"Left Side Center(LC)","16-24 ft.",17,-116,131,1,0,20190109,BOS,IND,2018-19,"Regular Season",2019-01-11T18:16:56.287
0021800607_609_1628993,"Shot Chart Detail",0021800607,609,1628993,"Alize Johnson",1610612754,"Indiana Pacers",4,3,37,"Missed Shot","Driving Hook Shot","2PT Field Goal","Restricted Area",Center(C),"Less Than 8 ft.",3,31,10,1,0,20190109,BOS,IND,2018-19,"Regular Season",2019-01-11T18:16:56.287
0021800607_611_203124,"Shot Chart Detail",0021800607,611,203124,"Kyle OQuinn",1610612754,"Indiana Pacers",4,3,35,"Made Shot","Tip Layup Shot","2PT Field Goal","Restricted Area",Center(C),"Less Than 8 ft.",0,0,-6,1,1,20190109,BOS,IND,2018-19,"Regular Season",2019-01-11T18:16:56.287
0021800607_612_1627824,"Shot Chart Detail",0021800607,612,1627824,"Guerschon Yabusele",1610612738,"Boston Celtics",4,3,21,"Missed Shot","Driving Layup Shot","2PT Field Goal","In The Paint (Non-RA)",Center(C),"Less Than 8 ft.",4,-31,30,1,0,20190109,BOS,IND,2018-19,"Regular Season",2019-01-11T18:16:56.287
0021800607_614_1629057,"Shot Chart Detail",0021800607,614,1629057,"Robert Williams III",1610612738,"Boston Celtics",4,3,19,"Made Shot","Tip Dunk Shot","2PT Field Goal","Restricted Area",Center(C),"Less Than 8 ft.",0,0,-6,1,1,20190109,BOS,IND,2018-19,"Regular Season",2019-01-11T18:16:56.287
0021800607_615_203124,"Shot Chart Detail",0021800607,615,203124,"Kyle OQuinn",1610612754,"Indiana Pacers",4,3,5,"Made Shot","Jump Shot","3PT Field Goal","Above the Break 3",Center(C),"24+ ft.",25,53,248,1,1,20190109,BOS,IND,2018-19,"Regular Season",2019-01-11T18:16:56.287
0021800607_617_1628400,"Shot Chart Detail",0021800607,617,1628400,"Semi Ojeleye",1610612738,"Boston Celtics",4,2,46,"Missed Shot","Jump Shot","3PT Field Goal","Above the Break 3","Right Side Center(RC)","24+ ft.",27,172,210,1,0,20190109,BOS,IND,2018-19,"Regular Season",2019-01-11T18:16:56.287
0021800607_62_201143,"Shot Chart Detail",0021800607,62,201143,"Al Horford",1610612738,"Boston Celtics",1,5,52,"Missed Shot","Jump Shot","2PT Field Goal",Mid-Range,Center(C),"8-16 ft.",15,-12,158,1,0,20190109,BOS,IND,2018-19,"Regular Season",2019-01-11T18:16:56.287
0021800607_634_202954,"Shot Chart Detail",0021800607,634,202954,"Brad Wanamaker",1610612738,"Boston Celtics",4,1,40,"Missed Shot","Jump Shot","3PT Field Goal","Above the Break 3","Left Side Center(LC)","24+ ft.",24,-144,203,1,0,20190109,BOS,IND,2018-19,"Regular Season",2019-01-11T18:16:56.287
0021800607_636_1628388,"Shot Chart Detail",0021800607,636,1628388,"TJ Leaf",1610612754,"Indiana Pacers",4,1,32,"Missed Shot","Jump Shot","3PT Field Goal","Above the Break 3","Left Side Center(LC)","24+ ft.",27,-170,218,1,0,20190109,BOS,IND,2018-19,"Regular Season",2019-01-11T18:16:56.287
0021800607_638_1629057,"Shot Chart Detail",0021800607,638,1629057,"Robert Williams III",1610612738,"Boston Celtics",4,1,24,"Made Shot","Running Dunk Shot","2PT Field Goal","Restricted Area",Center(C),"Less Than 8 ft.",2,0,21,1,1,20190109,BOS,IND,2018-19,"Regular Season",2019-01-11T18:16:56.287
0021800607_643_1628988,"Shot Chart Detail",0021800607,643,1628988,"Aaron Holiday",1610612754,"Indiana Pacers",4,1,12,"Missed Shot","Driving Floating Jump Shot","2PT Field Goal","In The Paint (Non-RA)",Center(C),"Less Than 8 ft.",7,-43,59,1,0,20190109,BOS,IND,2018-19,"Regular Season",2019-01-11T18:16:56.287
0021800607_647_1628993,"Shot Chart Detail",0021800607,647,1628993,"Alize Johnson",1610612754,"Indiana Pacers",4,1,4,"Missed Shot","Driving Layup Shot","2PT Field Goal","Restricted Area",Center(C),"Less Than 8 ft.",3,25,28,1,0,20190109,BOS,IND,2018-19,"Regular Season",2019-01-11T18:16:56.287
0021800607_64_202694,"Shot Chart Detail",0021800607,64,202694,"Marcus Morris",1610612738,"Boston Celtics",1,5,46,"Made Shot","Step Back Jump shot","3PT Field Goal","Above the Break 3","Left Side Center(LC)","24+ ft.",25,-181,183,1,1,20190109,BOS,IND,2018-19,"Regular Season",2019-01-11T18:16:56.287
0021800607_651_1628988,"Shot Chart Detail",0021800607,651,1628988,"Aaron Holiday",1610612754,"Indiana Pacers",4,0,59,"Missed Shot","Jump Shot","3PT Field Goal","Right Corner 3","Right Side(R)","24+ ft.",24,236,78,1,0,20190109,BOS,IND,2018-19,"Regular Season",2019-01-11T18:16:56.287
0021800607_653_1627824,"Shot Chart Detail",0021800607,653,1627824,"Guerschon Yabusele",1610612738,"Boston Celtics",4,0,54,"Made Shot","Running Layup Shot","2PT Field Goal","Restricted Area",Center(C),"Less Than 8 ft.",1,9,13,1,1,20190109,BOS,IND,2018-19,"Regular Season",2019-01-11T18:16:56.287
0021800607_654_1628410,"Shot Chart Detail",0021800607,654,1628410,"Edmond Sumner",1610612754,"Indiana Pacers",4,0,50,"Missed Shot","Pullup Jump shot","3PT Field Goal","Above the Break 3","Right Side Center(RC)","24+ ft.",25,196,162,1,0,20190109,BOS,IND,2018-19,"Regular Season",2019-01-11T18:16:56.287
0021800607_656_202954,"Shot Chart Detail",0021800607,656,202954,"Brad Wanamaker",1610612738,"Boston Celtics",4,0,40,"Made Shot","Jump Shot","3PT Field Goal","Above the Break 3","Right Side Center(RC)","24+ ft.",27,181,204,1,1,20190109,BOS,IND,2018-19,"Regular Season",2019-01-11T18:16:56.287
0021800607_658_1628388,"Shot Chart Detail",0021800607,658,1628388,"TJ Leaf",1610612754,"Indiana Pacers",4,0,34,"Made Shot","Driving Layup Shot","2PT Field Goal","Restricted Area",Center(C),"Less Than 8 ft.",3,-32,18,1,1,20190109,BOS,IND,2018-19,"Regular Season",2019-01-11T18:16:56.287
0021800607_68_203506,"Shot Chart Detail",0021800607,68,203506,"Victor Oladipo",1610612754,"Indiana Pacers",1,5,30,"Missed Shot","Pullup Jump shot","3PT Field Goal","Above the Break 3","Left Side Center(LC)","24+ ft.",26,-147,219,1,0,20190109,BOS,IND,2018-19,"Regular Season",2019-01-11T18:16:56.287
0021800607_70_201152,"Shot Chart Detail",0021800607,70,201152,"Thaddeus Young",1610612754,"Indiana Pacers",1,5,21,"Made Shot","Hook Shot","2PT Field Goal","Restricted Area",Center(C),"Less Than 8 ft.",2,15,22,1,1,20190109,BOS,IND,2018-19,"Regular Season",2019-01-11T18:16:56.287
0021800607_72_201143,"Shot Chart Detail",0021800607,72,201143,"Al Horford",1610612738,"Boston Celtics",1,5,6,"Missed Shot","Turnaround Hook Shot","2PT Field Goal","In The Paint (Non-RA)",Center(C),"Less Than 8 ft.",6,-20,62,1,0,20190109,BOS,IND,2018-19,"Regular Season",2019-01-11T18:16:56.287
0021800607_74_203935,"Shot Chart Detail",0021800607,74,203935,"Marcus Smart",1610612738,"Boston Celtics",1,5,2,"Missed Shot","Jump Shot","3PT Field Goal","Right Corner 3","Right Side(R)","24+ ft.",22,228,4,1,0,20190109,BOS,IND,2018-19,"Regular Season",2019-01-11T18:16:56.287
0021800607_80_201152,"Shot Chart Detail",0021800607,80,201152,"Thaddeus Young",1610612754,"Indiana Pacers",1,4,50,"Made Shot","Layup Shot","2PT Field Goal","Restricted Area",Center(C),"Less Than 8 ft.",1,5,15,1,1,20190109,BOS,IND,2018-19,"Regular Season",2019-01-11T18:16:56.287
0021800607_83_203506,"Shot Chart Detail",0021800607,83,203506,"Victor Oladipo",1610612754,"Indiana Pacers",1,4,16,"Made Shot","Pullup Jump shot","3PT Field Goal","Above the Break 3","Left Side Center(LC)","24+ ft.",25,-114,227,1,1,20190109,BOS,IND,2018-19,"Regular Season",2019-01-11T18:16:56.287
0021800607_8_1628369,"Shot Chart Detail",0021800607,8,1628369,"Jayson Tatum",1610612738,"Boston Celtics",1,11,37,"Made Shot","Turnaround Fadeaway shot","2PT Field Goal",Mid-Range,"Left Side(L)","8-16 ft.",12,-106,62,1,1,20190109,BOS,IND,2018-19,"Regular Season",2019-01-11T18:16:56.287
0021800607_91_202330,"Shot Chart Detail",0021800607,91,202330,"Gordon Hayward",1610612738,"Boston Celtics",1,3,53,"Missed Shot","Cutting Layup Shot","2PT Field Goal","Restricted Area",Center(C),"Less Than 8 ft.",2,25,16,1,0,20190109,BOS,IND,2018-19,"Regular Season",2019-01-11T18:16:56.287
0021800607_99_1627734,"Shot Chart Detail",0021800607,99,1627734,"Domantas Sabonis",1610612754,"Indiana Pacers",1,3,35,"Made Shot","Jump Shot","2PT Field Goal",Mid-Range,"Right Side Center(RC)","16-24 ft.",19,65,179,1,1,20190109,BOS,IND,2018-19,"Regular Season",2019-01-11T18:16:56.287
