,G,MPG,minutes,Player,Team,playerId,playerName,primaryKey,teamId,teamName,teamAbbreviation,teamCity,season,teamAbbreviationLower
0,78,30,2340,Taurean Prince,atl,1627752.0,Taurean Prince,1610612737_2018-19,1610612737,Hawks,ATL,Atlanta,2018-19,atl
1,78,28,2184,Trae Young,atl,1629027.0,Trae Young,1610612737_2018-19,1610612737,Hawks,ATL,Atlanta,2018-19,atl
2,70,28,1960,John Collins,atl,1628381.0,John Collins,1610612737_2018-19,1610612737,Hawks,ATL,Atlanta,2018-19,atl
3,76,27,2052,Kent Bazemore,atl,203145.0,Kent Bazemore,1610612737_2018-19,1610612737,Hawks,ATL,Atlanta,2018-19,atl
4,51,24,1224,Jeremy Lin,atl,202391.0,Jeremy Lin,1610612737_2018-19,1610612737,Hawks,ATL,Atlanta,2018-19,atl
5,78,20,1560,Kevin Huerter,atl,1628989.0,Kevin Huerter,1610612737_2018-19,1610612737,Hawks,ATL,Atlanta,2018-19,atl
6,78,20,1560,Alex Len,atl,203458.0,Alex Len,1610612737_2018-19,1610612737,Hawks,ATL,Atlanta,2018-19,atl
7,78,15,1170,Omari Spellman,atl,1629016.0,Omari Spellman,1610612737_2018-19,1610612737,Hawks,ATL,Atlanta,2018-19,atl
8,78,12,936,Tyler Dorsey,atl,1628416.0,Tyler Dorsey,1610612737_2018-19,1610612737,Hawks,ATL,Atlanta,2018-19,atl
9,74,10,774,DeAndre Bembry,atl,1627761.0,DeAndre Bembry,1610612737_2018-19,1610612737,Hawks,ATL,Atlanta,2018-19,atl
10,76,10,760,Miles Plumlee,atl,203101.0,Miles Plumlee,1610612737_2018-19,1610612737,Hawks,ATL,Atlanta,2018-19,atl
11,77,8,616,Vince Carter,atl,1713.0,Vince Carter,1610612737_2018-19,1610612737,Hawks,ATL,Atlanta,2018-19,atl
12,76,3,228,Justin Anderson,atl,1626147.0,Justin Anderson,1610612737_2018-19,1610612737,Hawks,ATL,Atlanta,2018-19,atl
13,78,2,156,Jaylen Adams,atl,1629121.0,Jaylen Adams,1610612737_2018-19,1610612737,Hawks,ATL,Atlanta,2018-19,atl
14,78,2,156,Daniel Hamilton,atl,1627772.0,Daniel Hamilton,1610612737_2018-19,1610612737,Hawks,ATL,Atlanta,2018-19,atl
15,78,2,156,Alex Poythress,atl,1627816.0,Alex Poythress,1610612737_2018-19,1610612737,Hawks,ATL,Atlanta,2018-19,atl
16,77,24,1848,DeWayne Dedmon,atl,203473.0,Dewayne Dedmon,1610612737_2018-19,1610612737,Hawks,ATL,Atlanta,2018-19,atl
17,69,28,1932,DeMarre Carroll,bkn,201960.0,DeMarre Carroll,1610612751_2018-19,1610612751,Nets,BKN,Brooklyn,2018-19,bkn
18,78,28,2184,Allen Crabbe,bkn,203459.0,Allen Crabbe,1610612751_2018-19,1610612751,Nets,BKN,Brooklyn,2018-19,bkn
19,70,27,1890,Rondae Hollis-Jefferson,bkn,1626178.0,Rondae Hollis-Jefferson,1610612751_2018-19,1610612751,Nets,BKN,Brooklyn,2018-19,bkn
20,78,26,2028,Spencer Dinwiddie,bkn,203915.0,Spencer Dinwiddie,1610612751_2018-19,1610612751,Nets,BKN,Brooklyn,2018-19,bkn
21,73,25,1825,Caris LeVert,bkn,1627747.0,Caris LeVert,1610612751_2018-19,1610612751,Nets,BKN,Brooklyn,2018-19,bkn
22,76,24,1824,Joe Harris,bkn,203925.0,Joe Harris,1610612751_2018-19,1610612751,Nets,BKN,Brooklyn,2018-19,bkn
23,78,24,1872,Jarrett Allen,bkn,1628386.0,Jarrett Allen,1610612751_2018-19,1610612751,Nets,BKN,Brooklyn,2018-19,bkn
24,76,20,1520,Ed Davis,bkn,202334.0,Ed Davis,1610612751_2018-19,1610612751,Nets,BKN,Brooklyn,2018-19,bkn
25,78,15,1170,Shabazz Napier,bkn,203894.0,Shabazz Napier,1610612751_2018-19,1610612751,Nets,BKN,Brooklyn,2018-19,bkn
26,76,7,532,Kenneth Faried,bkn,202702.0,Kenneth Faried,1610612751_2018-19,1610612751,Nets,BKN,Brooklyn,2018-19,bkn
27,78,5,390,Treveon Graham,bkn,1626203.0,Treveon Graham,1610612751_2018-19,1610612751,Nets,BKN,Brooklyn,2018-19,bkn
28,78,5,390,Dzanan Musa,bkn,1629058.0,Dzanan Musa,1610612751_2018-19,1610612751,Nets,BKN,Brooklyn,2018-19,bkn
29,77,3,199,Jared Dudley,bkn,201162.0,Jared Dudley,1610612751_2018-19,1610612751,Nets,BKN,Brooklyn,2018-19,bkn
30,78,0,0,Theo Pinson,bkn,1629033.0,Theo Pinson,1610612751_2018-19,1610612751,Nets,BKN,Brooklyn,2018-19,bkn
31,69,0,0,Alan Williams,bkn,1626210.0,Alan Williams,1610612751_2018-19,1610612751,Nets,BKN,Brooklyn,2018-19,bkn
32,74,26,1924,D'Angelo Russell,bkn,1626156.0,DAngelo Russell,1610612751_2018-19,1610612751,Nets,BKN,Brooklyn,2018-19,bkn
33,72,32,2304,Kyrie Irving,bos,202681.0,Kyrie Irving,1610612738_2018-19,1610612738,Celtics,BOS,Boston,2018-19,bos
34,78,30,2340,Jayson Tatum,bos,1628369.0,Jayson Tatum,1610612738_2018-19,1610612738,Celtics,BOS,Boston,2018-19,bos
35,78,30,2340,Jaylen Brown,bos,1627759.0,Jaylen Brown,1610612738_2018-19,1610612738,Celtics,BOS,Boston,2018-19,bos
36,77,30,2310,Al Horford,bos,201143.0,Al Horford,1610612738_2018-19,1610612738,Celtics,BOS,Boston,2018-19,bos
37,64,28,1792,Gordon Hayward,bos,202330.0,Gordon Hayward,1610612738_2018-19,1610612738,Celtics,BOS,Boston,2018-19,bos
38,74,24,1776,Marcus Smart,bos,203935.0,Marcus Smart,1610612738_2018-19,1610612738,Celtics,BOS,Boston,2018-19,bos
39,78,22,1716,Terry Rozier,bos,1626179.0,Terry Rozier,1610612738_2018-19,1610612738,Celtics,BOS,Boston,2018-19,bos
40,76,20,1520,Marcus Morris,bos,202694.0,Marcus Morris,1610612738_2018-19,1610612738,Celtics,BOS,Boston,2018-19,bos
41,78,17,1326,Aron Baynes,bos,203382.0,Aron Baynes,1610612738_2018-19,1610612738,Celtics,BOS,Boston,2018-19,bos
42,78,14,1092,Daniel Theis,bos,1628464.0,Daniel Theis,1610612738_2018-19,1610612738,Celtics,BOS,Boston,2018-19,bos
43,78,5,390,Semi Ojeleye,bos,1628400.0,Semi Ojeleye,1610612738_2018-19,1610612738,Celtics,BOS,Boston,2018-19,bos
44,78,5,390,Brad Wanamaker,bos,202954.0,Brad Wanamaker,1610612738_2018-19,1610612738,Celtics,BOS,Boston,2018-19,bos
45,78,3,228,Guerschon Yabusele,bos,1627824.0,Guerschon Yabusele,1610612738_2018-19,1610612738,Celtics,BOS,Boston,2018-19,bos
46,78,0,0,PJ Dozier,bos,1628408.0,PJ Dozier,1610612738_2018-19,1610612738,Celtics,BOS,Boston,2018-19,bos
47,78,0,0,Jabari Bird,bos,1628444.0,Jabari Bird,1610612738_2018-19,1610612738,Celtics,BOS,Boston,2018-19,bos
48,78,2,156,Robert Williams,bos,1629057.0,Robert Williams III,1610612738_2018-19,1610612738,Celtics,BOS,Boston,2018-19,bos
49,78,0,0,Walt Lemon,bos,,,1610612738_2018-19,1610612738,Celtics,BOS,Boston,2018-19,bos
50,78,34,2652,Kemba Walker,cha,202689.0,Kemba Walker,1610612766_2018-19,1610612766,Hornets,CHA,Charlotte,2018-19,cha
51,76,30,2280,Nicolas Batum,cha,201587.0,Nicolas Batum,1610612766_2018-19,1610612766,Hornets,CHA,Charlotte,2018-19,cha
52,68,27,1836,Cody Zeller,cha,203469.0,Cody Zeller,1610612766_2018-19,1610612766,Hornets,CHA,Charlotte,2018-19,cha
53,78,25,1950,Marvin Williams,cha,101107.0,Marvin Williams,1610612766_2018-19,1610612766,Hornets,CHA,Charlotte,2018-19,cha
54,76,24,1824,Jeremy Lamb,cha,203087.0,Jeremy Lamb,1610612766_2018-19,1610612766,Hornets,CHA,Charlotte,2018-19,cha
55,68,22,1496,Michael Kidd-Gilchrist,cha,203077.0,Michael Kidd-Gilchrist,1610612766_2018-19,1610612766,Hornets,CHA,Charlotte,2018-19,cha
56,78,20,1560,Frank Kaminsky,cha,1626163.0,Frank Kaminsky,1610612766_2018-19,1610612766,Hornets,CHA,Charlotte,2018-19,cha
57,78,18,1404,Malik Monk,cha,1628370.0,Malik Monk,1610612766_2018-19,1610612766,Hornets,CHA,Charlotte,2018-19,cha
58,73,15,1095,Tony Parker,cha,2225.0,Tony Parker,1610612766_2018-19,1610612766,Hornets,CHA,Charlotte,2018-19,cha
59,78,15,1170,Bismack Biyombo,cha,202687.0,Bismack Biyombo,1610612766_2018-19,1610612766,Hornets,CHA,Charlotte,2018-19,cha
60,78,10,780,Willy Hernangomez,cha,1626195.0,Willy Hernangomez,1610612766_2018-19,1610612766,Hornets,CHA,Charlotte,2018-19,cha
61,78,10,775,Miles Bridges,cha,1628970.0,Miles Bridges,1610612766_2018-19,1610612766,Hornets,CHA,Charlotte,2018-19,cha
62,78,5,390,Dwayne Bacon,cha,1628407.0,Dwayne Bacon,1610612766_2018-19,1610612766,Hornets,CHA,Charlotte,2018-19,cha
63,78,1,78,J.P. Macura,cha,1629122.0,J.P. Macura,1610612766_2018-19,1610612766,Hornets,CHA,Charlotte,2018-19,cha
64,78,0,0,Joe Chealey,cha,1629147.0,Joe Chealey,1610612766_2018-19,1610612766,Hornets,CHA,Charlotte,2018-19,cha
65,78,5,390,Devonte' Graham,cha,1628984.0,Devonte Graham,1610612766_2018-19,1610612766,Hornets,CHA,Charlotte,2018-19,cha
66,64,30,1920,Zach LaVine,chi,203897.0,Zach LaVine,1610612741_2018-19,1610612741,Bulls,CHI,Chicago,2018-19,chi
67,64,30,1920,Lauri Markkanen,chi,1628374.0,Lauri Markkanen,1610612741_2018-19,1610612741,Bulls,CHI,Chicago,2018-19,chi
68,76,29,2204,Kris Dunn,chi,1627739.0,Kris Dunn,1610612741_2018-19,1610612741,Bulls,CHI,Chicago,2018-19,chi
69,66,28,1848,Jabari Parker,chi,203953.0,Jabari Parker,1610612741_2018-19,1610612741,Bulls,CHI,Chicago,2018-19,chi
70,78,23,1794,Justin Holiday,chi,203200.0,Justin Holiday,1610612741_2018-19,1610612741,Bulls,CHI,Chicago,2018-19,chi
71,78,23,1794,Denzel Valentine,chi,1627756.0,Denzel Valentine,1610612741_2018-19,1610612741,Bulls,CHI,Chicago,2018-19,chi
72,64,23,1472,Cameron Payne,chi,1626166.0,Cameron Payne,1610612741_2018-19,1610612741,Bulls,CHI,Chicago,2018-19,chi
73,78,19,1502,Bobby Portis,chi,1626171.0,Bobby Portis,1610612741_2018-19,1610612741,Bulls,CHI,Chicago,2018-19,chi
74,78,18,1404,Robin Lopez,chi,201577.0,Robin Lopez,1610612741_2018-19,1610612741,Bulls,CHI,Chicago,2018-19,chi
75,78,12,936,Chandler Hutchison,chi,1628990.0,Chandler Hutchison,1610612741_2018-19,1610612741,Bulls,CHI,Chicago,2018-19,chi
76,78,10,780,Antonio Blakeney,chi,1628469.0,Antonio Blakeney,1610612741_2018-19,1610612741,Bulls,CHI,Chicago,2018-19,chi
77,78,3,234,Cristiano Felicio,chi,1626245.0,Cristiano Felicio,1610612741_2018-19,1610612741,Bulls,CHI,Chicago,2018-19,chi
78,78,0,0,Tyler Ulis,chi,1627755.0,Tyler Ulis,1610612741_2018-19,1610612741,Bulls,CHI,Chicago,2018-19,chi
79,78,0,0,Rawle Alkins,chi,1628959.0,Rawle Alkins,1610612741_2018-19,1610612741,Bulls,CHI,Chicago,2018-19,chi
80,78,0,0,Ryan Arcidiacono,chi,1627853.0,Ryan Arcidiacono,1610612741_2018-19,1610612741,Bulls,CHI,Chicago,2018-19,chi
81,73,0,0,Omer Asik,chi,201600.0,Omer Asik,1610612741_2018-19,1610612741,Bulls,CHI,Chicago,2018-19,chi
82,78,24,1872,Wendell Carter,chi,1628976.0,Wendell Carter Jr.,1610612741_2018-19,1610612741,Bulls,CHI,Chicago,2018-19,chi
83,74,32,2368,Kevin Love,cle,201567.0,Kevin Love,1610612739_2018-19,1610612739,Cavaliers,CLE,Cleveland,2018-19,cle
84,74,25,1850,Rodney Hood,cle,203918.0,Rodney Hood,1610612739_2018-19,1610612739,Cavaliers,CLE,Cleveland,2018-19,cle
85,75,25,1875,George Hill,cle,201588.0,George Hill,1610612739_2018-19,1610612739,Cavaliers,CLE,Cleveland,2018-19,cle
86,74,24,1776,Larry Nance Jr.,cle,1626204.0,Larry Nance Jr.,1610612739_2018-19,1610612739,Cavaliers,CLE,Cleveland,2018-19,cle
87,78,24,1872,Collin Sexton,cle,1629012.0,Collin Sexton,1610612739_2018-19,1610612739,Cavaliers,CLE,Cleveland,2018-19,cle
88,76,22,1672,Tristan Thompson,cle,202684.0,Tristan Thompson,1610612739_2018-19,1610612739,Cavaliers,CLE,Cleveland,2018-19,cle
89,78,20,1560,Jordan Clarkson,cle,203903.0,Jordan Clarkson,1610612739_2018-19,1610612739,Cavaliers,CLE,Cleveland,2018-19,cle
90,77,18,1386,Kyle Korver,cle,2594.0,Kyle Korver,1610612739_2018-19,1610612739,Cavaliers,CLE,Cleveland,2018-19,cle
91,71,15,1065,Sam Dekker,cle,1626155.0,Sam Dekker,1610612739_2018-19,1610612739,Cavaliers,CLE,Cleveland,2018-19,cle
92,78,13,1052,Cedi Osman,cle,1626224.0,Cedi Osman,1610612739_2018-19,1610612739,Cavaliers,CLE,Cleveland,2018-19,cle
93,78,12,936,David Nwaba,cle,1628021.0,David Nwaba,1610612739_2018-19,1610612739,Cavaliers,CLE,Cleveland,2018-19,cle
94,78,5,390,Channing Frye,cle,101112.0,Channing Frye,1610612739_2018-19,1610612739,Cavaliers,CLE,Cleveland,2018-19,cle
95,78,5,390,Ante Zizic,cle,1627790.0,Ante Zizic,1610612739_2018-19,1610612739,Cavaliers,CLE,Cleveland,2018-19,cle
96,78,0,0,John Holland,cle,204066.0,John Holland,1610612739_2018-19,1610612739,Cavaliers,CLE,Cleveland,2018-19,cle
97,74,18,1332,J.R. Smith,cle,,,1610612739_2018-19,1610612739,Cavaliers,CLE,Cleveland,2018-19,cle
98,78,2,156,Billy Preston,cle,,,1610612739_2018-19,1610612739,Cavaliers,CLE,Cleveland,2018-19,cle
99,77,33,2541,Harrison Barnes,dal,203084.0,Harrison Barnes,1610612742_2018-19,1610612742,Mavericks,DAL,Dallas,2018-19,dal
100,78,30,2340,Dennis Smith Jr.,dal,1628372.0,Dennis Smith Jr.,1610612742_2018-19,1610612742,Mavericks,DAL,Dallas,2018-19,dal
101,78,30,2340,DeAndre Jordan,dal,201599.0,DeAndre Jordan,1610612742_2018-19,1610612742,Mavericks,DAL,Dallas,2018-19,dal
102,76,28,2128,Wesley Matthews,dal,202083.0,Wesley Matthews,1610612742_2018-19,1610612742,Mavericks,DAL,Dallas,2018-19,dal
103,78,28,2184,Luka Doncic,dal,1629029.0,Luka Doncic,1610612742_2018-19,1610612742,Mavericks,DAL,Dallas,2018-19,dal
104,78,20,1560,Dwight Powell,dal,203939.0,Dwight Powell,1610612742_2018-19,1610612742,Mavericks,DAL,Dallas,2018-19,dal
105,68,20,1360,Dirk Nowitzki,dal,1717.0,Dirk Nowitzki,1610612742_2018-19,1610612742,Mavericks,DAL,Dallas,2018-19,dal
106,76,12,912,Devin Harris,dal,2734.0,Devin Harris,1610612742_2018-19,1610612742,Mavericks,DAL,Dallas,2018-19,dal
107,78,10,780,Maxi Kleber,dal,1628467.0,Maxi Kleber,1610612742_2018-19,1610612742,Mavericks,DAL,Dallas,2018-19,dal
108,72,10,711,Dorian Finney-Smith,dal,1627827.0,Dorian Finney-Smith,1610612742_2018-19,1610612742,Mavericks,DAL,Dallas,2018-19,dal
109,78,8,624,Salah Mejri,dal,1626257.0,Salah Mejri,1610612742_2018-19,1610612742,Mavericks,DAL,Dallas,2018-19,dal
110,78,5,390,Jalen Brunson,dal,1628973.0,Jalen Brunson,1610612742_2018-19,1610612742,Mavericks,DAL,Dallas,2018-19,dal
111,78,3,234,Ryan Broekhoff,dal,1629151.0,Ryan Broekhoff,1610612742_2018-19,1610612742,Mavericks,DAL,Dallas,2018-19,dal
112,78,2,156,Ray Spalding,dal,1629034.0,Ray Spalding,1610612742_2018-19,1610612742,Mavericks,DAL,Dallas,2018-19,dal
113,78,0,0,Daryl Macon,dal,1629133.0,Daryl Macon,1610612742_2018-19,1610612742,Mavericks,DAL,Dallas,2018-19,dal
114,78,0,0,Kostas Antetokounmpo,dal,1628961.0,Kostas Antetokounmpo,1610612742_2018-19,1610612742,Mavericks,DAL,Dallas,2018-19,dal
115,71,20,1420,Jose Juan Barea,dal,,,1610612742_2018-19,1610612742,Mavericks,DAL,Dallas,2018-19,dal
116,75,34,2550,Gary Harris,den,203914.0,Gary Harris,1610612743_2018-19,1610612743,Nuggets,DEN,Denver,2018-19,den
117,77,33,2541,Will Barton,den,203115.0,Will Barton,1610612743_2018-19,1610612743,Nuggets,DEN,Denver,2018-19,den
118,78,33,2574,Nikola Jokic,den,203999.0,Nikola Jokic,1610612743_2018-19,1610612743,Nuggets,DEN,Denver,2018-19,den
119,78,32,2496,Jamal Murray,den,1627750.0,Jamal Murray,1610612743_2018-19,1610612743,Nuggets,DEN,Denver,2018-19,den
120,73,30,2190,Paul Millsap,den,200794.0,Paul Millsap,1610612743_2018-19,1610612743,Nuggets,DEN,Denver,2018-19,den
121,78,18,1404,Trey Lyles,den,1626168.0,Trey Lyles,1610612743_2018-19,1610612743,Nuggets,DEN,Denver,2018-19,den
122,78,18,1404,Mason Plumlee,den,203486.0,Mason Plumlee,1610612743_2018-19,1610612743,Nuggets,DEN,Denver,2018-19,den
123,60,16,960,Isaiah Thomas,den,202738.0,Isaiah Thomas,1610612743_2018-19,1610612743,Nuggets,DEN,Denver,2018-19,den
124,78,10,780,Torrey Craig,den,1628470.0,Torrey Craig,1610612743_2018-19,1610612743,Nuggets,DEN,Denver,2018-19,den
125,78,10,780,Monte Morris,den,1628420.0,Monte Morris,1610612743_2018-19,1610612743,Nuggets,DEN,Denver,2018-19,den
126,78,9,712,Malik Beasley,den,1627736.0,Malik Beasley,1610612743_2018-19,1610612743,Nuggets,DEN,Denver,2018-19,den
127,78,3,234,Thomas Welsh,den,1629118.0,Thomas Welsh,1610612743_2018-19,1610612743,Nuggets,DEN,Denver,2018-19,den
128,76,1,76,Tyler Lydon,den,1628399.0,Tyler Lydon,1610612743_2018-19,1610612743,Nuggets,DEN,Denver,2018-19,den
129,77,1,77,Jarred Vanderbilt,den,1629020.0,Jarred Vanderbilt,1610612743_2018-19,1610612743,Nuggets,DEN,Denver,2018-19,den
130,20,10,200,Michael Porter,den,,,1610612743_2018-19,1610612743,Nuggets,DEN,Denver,2018-19,den
131,78,9,702,Juan Hernangomez,den,,,1610612743_2018-19,1610612743,Nuggets,DEN,Denver,2018-19,den
132,66,34,2244,Blake Griffin,det,201933.0,Blake Griffin,1610612765_2018-19,1610612765,Pistons,DET,Detroit,2018-19,det
133,78,33,2574,Andre Drummond,det,203083.0,Andre Drummond,1610612765_2018-19,1610612765,Pistons,DET,Detroit,2018-19,det
134,75,28,2100,Reggie Bullock,det,203493.0,Reggie Bullock,1610612765_2018-19,1610612765,Pistons,DET,Detroit,2018-19,det
135,77,27,2079,Stanley Johnson,det,1626169.0,Stanley Johnson,1610612765_2018-19,1610612765,Pistons,DET,Detroit,2018-19,det
136,70,27,1890,Reggie Jackson,det,202704.0,Reggie Jackson,1610612765_2018-19,1610612765,Pistons,DET,Detroit,2018-19,det
137,78,20,1560,Luke Kennard,det,1628379.0,Luke Kennard,1610612765_2018-19,1610612765,Pistons,DET,Detroit,2018-19,det
138,65,20,1300,Jon Leuer,det,202720.0,Jon Leuer,1610612765_2018-19,1610612765,Pistons,DET,Detroit,2018-19,det
139,70,20,1400,Glenn Robinson III,det,203922.0,Glenn Robinson III,1610612765_2018-19,1610612765,Pistons,DET,Detroit,2018-19,det
140,77,12,924,Zaza Pachulia,det,2585.0,Zaza Pachulia,1610612765_2018-19,1610612765,Pistons,DET,Detroit,2018-19,det
141,78,8,624,Henry Ellenson,det,1627740.0,Henry Ellenson,1610612765_2018-19,1610612765,Pistons,DET,Detroit,2018-19,det
142,78,6,494,Langston Galloway,det,204038.0,Langston Galloway,1610612765_2018-19,1610612765,Pistons,DET,Detroit,2018-19,det
143,77,5,385,Jose Calderon,det,101181.0,Jose Calderon,1610612765_2018-19,1610612765,Pistons,DET,Detroit,2018-19,det
144,78,3,234,Bruce Brown,det,1628971.0,Bruce Brown,1610612765_2018-19,1610612765,Pistons,DET,Detroit,2018-19,det
145,78,2,156,Khyri Thomas,det,1629017.0,Khyri Thomas,1610612765_2018-19,1610612765,Pistons,DET,Detroit,2018-19,det
146,78,0,0,Zach Lofton,det,1629155.0,Zach Lofton,1610612765_2018-19,1610612765,Pistons,DET,Detroit,2018-19,det
147,78,0,0,Keenan Evans,det,1629037.0,Keenan Evans,1610612765_2018-19,1610612765,Pistons,DET,Detroit,2018-19,det
148,78,22,1716,Ishmael Smith,det,,,1610612765_2018-19,1610612765,Pistons,DET,Detroit,2018-19,det
149,78,34,2652,Klay Thompson,gsw,202691.0,Klay Thompson,1610612744_2018-19,1610612744,Warriors,GSW,Golden State,2018-19,gsw
150,75,34,2550,Kevin Durant,gsw,201142.0,Kevin Durant,1610612744_2018-19,1610612744,Warriors,GSW,Golden State,2018-19,gsw
151,76,32,2432,Stephen Curry,gsw,201939.0,Stephen Curry,1610612744_2018-19,1610612744,Warriors,GSW,Golden State,2018-19,gsw
152,77,32,2464,Draymond Green,gsw,203110.0,Draymond Green,1610612744_2018-19,1610612744,Warriors,GSW,Golden State,2018-19,gsw
153,46,24,1104,DeMarcus Cousins,gsw,202326.0,DeMarcus Cousins,1610612744_2018-19,1610612744,Warriors,GSW,Golden State,2018-19,gsw
154,75,24,1800,Andre Iguodala,gsw,2738.0,Andre Iguodala,1610612744_2018-19,1610612744,Warriors,GSW,Golden State,2018-19,gsw
155,71,18,1278,Kevon Looney,gsw,1626172.0,Kevon Looney,1610612744_2018-19,1610612744,Warriors,GSW,Golden State,2018-19,gsw
156,78,18,1404,Jordan Bell,gsw,1628395.0,Jordan Bell,1610612744_2018-19,1610612744,Warriors,GSW,Golden State,2018-19,gsw
157,78,15,1170,Shaun Livingston,gsw,2733.0,Shaun Livingston,1610612744_2018-19,1610612744,Warriors,GSW,Golden State,2018-19,gsw
158,78,14,1092,Jonas Jerebko,gsw,201973.0,Jonas Jerebko,1610612744_2018-19,1610612744,Warriors,GSW,Golden State,2018-19,gsw
159,78,12,936,Quinn Cook,gsw,1626188.0,Quinn Cook,1610612744_2018-19,1610612744,Warriors,GSW,Golden State,2018-19,gsw
160,78,5,390,Damian Jones,gsw,1627745.0,Damian Jones,1610612744_2018-19,1610612744,Warriors,GSW,Golden State,2018-19,gsw
161,78,3,252,Jacob Evans,gsw,1628980.0,Jacob Evans,1610612744_2018-19,1610612744,Warriors,GSW,Golden State,2018-19,gsw
162,78,1,78,Damion Lee,gsw,1627814.0,Damion Lee,1610612744_2018-19,1610612744,Warriors,GSW,Golden State,2018-19,gsw
163,78,1,78,Alfonzo McKinnie,gsw,1628035.0,Alfonzo McKinnie,1610612744_2018-19,1610612744,Warriors,GSW,Golden State,2018-19,gsw
164,78,0,0,Marcus Derrickson,gsw,1629094.0,Marcus Derrickson,1610612744_2018-19,1610612744,Warriors,GSW,Golden State,2018-19,gsw
165,78,35,2730,James Harden,hou,201935.0,James Harden,1610612745_2018-19,1610612745,Rockets,HOU,Houston,2018-19,hou
166,73,30,2190,Eric Gordon,hou,201569.0,Eric Gordon,1610612745_2018-19,1610612745,Rockets,HOU,Houston,2018-19,hou
167,74,30,2220,Chris Paul,hou,101108.0,Chris Paul,1610612745_2018-19,1610612745,Rockets,HOU,Houston,2018-19,hou
168,77,28,2156,Clint Capela,hou,203991.0,Clint Capela,1610612745_2018-19,1610612745,Rockets,HOU,Houston,2018-19,hou
169,77,27,2079,Carmelo Anthony,hou,2546.0,Carmelo Anthony,1610612745_2018-19,1610612745,Rockets,HOU,Houston,2018-19,hou
170,78,22,1716,Gerald Green,hou,101123.0,Gerald Green,1610612745_2018-19,1610612745,Rockets,HOU,Houston,2018-19,hou
171,78,15,1170,Marquese Chriss,hou,1627737.0,Marquese Chriss,1610612745_2018-19,1610612745,Rockets,HOU,Houston,2018-19,hou
172,56,10,560,Brandon Knight,hou,202688.0,Brandon Knight,1610612745_2018-19,1610612745,Rockets,HOU,Houston,2018-19,hou
173,67,6,397,Michael Carter-Williams,hou,203487.0,Michael Carter-Williams,1610612745_2018-19,1610612745,Rockets,HOU,Houston,2018-19,hou
174,78,0,0,Zhou Qi,hou,1627753.0,Zhou Qi,1610612745_2018-19,1610612745,Rockets,HOU,Houston,2018-19,hou
175,78,0,0,Isaiah Hartenstein,hou,1628392.0,Isaiah Hartenstein,1610612745_2018-19,1610612745,Rockets,HOU,Houston,2018-19,hou
176,78,0,0,Gary Clark,hou,1629109.0,Gary Clark,1610612745_2018-19,1610612745,Rockets,HOU,Houston,2018-19,hou
177,77,22,1694,James Ennis,hou,203516.0,James Ennis III,1610612745_2018-19,1610612745,Rockets,HOU,Houston,2018-19,hou
178,78,28,2184,P.J. Tucker,hou,,,1610612745_2018-19,1610612745,Rockets,HOU,Houston,2018-19,hou
179,73,8,584,NenÃª Hilario,hou,,,1610612745_2018-19,1610612745,Rockets,HOU,Houston,2018-19,hou
180,78,0,0,Vince Edwards,hou,,,1610612745_2018-19,1610612745,Rockets,HOU,Houston,2018-19,hou
181,76,34,2584,Victor Oladipo,ind,203506.0,Victor Oladipo,1610612754_2018-19,1610612754,Pacers,IND,Indiana,2018-19,ind
182,77,32,2464,Thaddeus Young,ind,201152.0,Thaddeus Young,1610612754_2018-19,1610612754,Pacers,IND,Indiana,2018-19,ind
183,59,28,1652,Tyreke Evans,ind,201936.0,Tyreke Evans,1610612754_2018-19,1610612754,Pacers,IND,Indiana,2018-19,ind
184,76,28,2128,Myles Turner,ind,1626167.0,Myles Turner,1610612754_2018-19,1610612754,Pacers,IND,Indiana,2018-19,ind
185,77,28,2156,Darren Collison,ind,201954.0,Darren Collison,1610612754_2018-19,1610612754,Pacers,IND,Indiana,2018-19,ind
186,78,28,2184,Bojan Bogdanovic,ind,202711.0,Bojan Bogdanovic,1610612754_2018-19,1610612754,Pacers,IND,Indiana,2018-19,ind
187,78,24,1872,Domantas Sabonis,ind,1627734.0,Domantas Sabonis,1610612754_2018-19,1610612754,Pacers,IND,Indiana,2018-19,ind
188,78,20,1560,Cory Joseph,ind,202709.0,Cory Joseph,1610612754_2018-19,1610612754,Pacers,IND,Indiana,2018-19,ind
189,78,18,1383,Doug McDermott,ind,203926.0,Doug McDermott,1610612754_2018-19,1610612754,Pacers,IND,Indiana,2018-19,ind
190,78,3,234,TJ Leaf,ind,1628388.0,TJ Leaf,1610612754_2018-19,1610612754,Pacers,IND,Indiana,2018-19,ind
191,78,3,234,Aaron Holiday,ind,1628988.0,Aaron Holiday,1610612754_2018-19,1610612754,Pacers,IND,Indiana,2018-19,ind
192,59,1,59,Ike Anigbogu,ind,1628387.0,Ike Anigbogu,1610612754_2018-19,1610612754,Pacers,IND,Indiana,2018-19,ind
193,78,1,78,Alize Johnson,ind,1628993.0,Alize Johnson,1610612754_2018-19,1610612754,Pacers,IND,Indiana,2018-19,ind
194,72,0,0,Edmond Sumner,ind,1628410.0,Edmond Sumner,1610612754_2018-19,1610612754,Pacers,IND,Indiana,2018-19,ind
195,78,0,0,Ben Moore,ind,1628500.0,Ben Moore,1610612754_2018-19,1610612754,Pacers,IND,Indiana,2018-19,ind
196,78,14,1092,Kyle O'Quinn,ind,203124.0,Kyle OQuinn,1610612754_2018-19,1610612754,Pacers,IND,Indiana,2018-19,ind
197,0,0,0,C.J. Wilcox,ind,,,1610612754_2018-19,1610612754,Pacers,IND,Indiana,2018-19,ind
198,78,32,2496,Tobias Harris,lac,202699.0,Tobias Harris,1610612746_2018-19,1610612746,Clippers,LAC,LA,2018-19,lac
199,71,28,1988,Avery Bradley,lac,202340.0,Avery Bradley,1610612746_2018-19,1610612746,Clippers,LAC,LA,2018-19,lac
200,59,26,1534,Danilo Gallinari,lac,201568.0,Danilo Gallinari,1610612746_2018-19,1610612746,Clippers,LAC,LA,2018-19,lac
201,64,25,1600,Patrick Beverley,lac,201976.0,Patrick Beverley,1610612746_2018-19,1610612746,Clippers,LAC,LA,2018-19,lac
202,78,24,1872,Marcin Gortat,lac,101162.0,Marcin Gortat,1610612746_2018-19,1610612746,Clippers,LAC,LA,2018-19,lac
203,78,20,1560,Montrezl Harrell,lac,1626149.0,Montrezl Harrell,1610612746_2018-19,1610612746,Clippers,LAC,LA,2018-19,lac
204,78,18,1404,Shai Gilgeous-Alexander,lac,1628983.0,Shai Gilgeous-Alexander,1610612746_2018-19,1610612746,Clippers,LAC,LA,2018-19,lac
205,76,16,1216,Milos Teodosic,lac,1628462.0,Milos Teodosic,1610612746_2018-19,1610612746,Clippers,LAC,LA,2018-19,lac
206,77,15,1155,Mike Scott,lac,203118.0,Mike Scott,1610612746_2018-19,1610612746,Clippers,LAC,LA,2018-19,lac
207,78,6,468,Boban Marjanovic,lac,1626246.0,Boban Marjanovic,1610612746_2018-19,1610612746,Clippers,LAC,LA,2018-19,lac
208,78,5,427,Tyrone Wallace,lac,1627820.0,Tyrone Wallace,1610612746_2018-19,1610612746,Clippers,LAC,LA,2018-19,lac
209,78,3,234,Sindarius Thornwell,lac,1628414.0,Sindarius Thornwell,1610612746_2018-19,1610612746,Clippers,LAC,LA,2018-19,lac
210,78,2,156,Jerome Robinson,lac,1629010.0,Jerome Robinson,1610612746_2018-19,1610612746,Clippers,LAC,LA,2018-19,lac
211,78,0,0,Johnathan Motley,lac,1628405.0,Johnathan Motley,1610612746_2018-19,1610612746,Clippers,LAC,LA,2018-19,lac
212,78,0,0,Angel Delgado,lac,1629116.0,Angel Delgado,1610612746_2018-19,1610612746,Clippers,LAC,LA,2018-19,lac
213,78,28,2184,Louis Williams,lac,,,1610612746_2018-19,1610612746,Clippers,LAC,LA,2018-19,lac
214,77,18,1386,Luc Richard Mbah a Moute,lac,,,1610612746_2018-19,1610612746,Clippers,LAC,LA,2018-19,lac
215,78,36,2808,LeBron James,lal,2544.0,LeBron James,1610612747_2018-19,1610612747,Lakers,LAL,Los Angeles,2018-19,lal
216,77,30,2310,Brandon Ingram,lal,1627742.0,Brandon Ingram,1610612747_2018-19,1610612747,Lakers,LAL,Los Angeles,2018-19,lal
217,77,28,2156,Lonzo Ball,lal,1628366.0,Lonzo Ball,1610612747_2018-19,1610612747,Lakers,LAL,Los Angeles,2018-19,lal
218,78,28,2184,Kyle Kuzma,lal,1628398.0,Kyle Kuzma,1610612747_2018-19,1610612747,Lakers,LAL,Los Angeles,2018-19,lal
219,76,24,1824,Rajon Rondo,lal,200765.0,Rajon Rondo,1610612747_2018-19,1610612747,Lakers,LAL,Los Angeles,2018-19,lal
220,78,24,1872,Kentavious Caldwell-Pope,lal,203484.0,Kentavious Caldwell-Pope,1610612747_2018-19,1610612747,Lakers,LAL,Los Angeles,2018-19,lal
221,78,22,1716,Josh Hart,lal,1628404.0,Josh Hart,1610612747_2018-19,1610612747,Lakers,LAL,Los Angeles,2018-19,lal
222,78,18,1404,JaVale McGee,lal,201580.0,JaVale McGee,1610612747_2018-19,1610612747,Lakers,LAL,Los Angeles,2018-19,lal
223,78,15,1170,Lance Stephenson,lal,202362.0,Lance Stephenson,1610612747_2018-19,1610612747,Lakers,LAL,Los Angeles,2018-19,lal
224,77,12,910,Michael Beasley,lal,201563.0,Michael Beasley,1610612747_2018-19,1610612747,Lakers,LAL,Los Angeles,2018-19,lal
225,78,8,624,Ivica Zubac,lal,1627826.0,Ivica Zubac,1610612747_2018-19,1610612747,Lakers,LAL,Los Angeles,2018-19,lal
226,78,5,390,Moritz Wagner,lal,1629021.0,Moritz Wagner,1610612747_2018-19,1610612747,Lakers,LAL,Los Angeles,2018-19,lal
227,78,2,156,Svi Mykhailiuk,lal,1629004.0,Svi Mykhailiuk,1610612747_2018-19,1610612747,Lakers,LAL,Los Angeles,2018-19,lal
228,78,2,156,Alex Caruso,lal,1627936.0,Alex Caruso,1610612747_2018-19,1610612747,Lakers,LAL,Los Angeles,2018-19,lal
229,78,0,0,Travis Wear,lal,204037.0,Travis Wear,1610612747_2018-19,1610612747,Lakers,LAL,Los Angeles,2018-19,lal
230,74,33,2442,Marc Gasol,mem,201188.0,Marc Gasol,1610612763_2018-19,1610612763,Grizzlies,MEM,Memphis,2018-19,mem
231,59,32,1888,Mike Conley,mem,201144.0,Mike Conley,1610612763_2018-19,1610612763,Grizzlies,MEM,Memphis,2018-19,mem
232,76,28,2128,JaMychal Green,mem,203210.0,JaMychal Green,1610612763_2018-19,1610612763,Grizzlies,MEM,Memphis,2018-19,mem
233,78,27,2106,Kyle Anderson,mem,203937.0,Kyle Anderson,1610612763_2018-19,1610612763,Grizzlies,MEM,Memphis,2018-19,mem
234,77,24,1848,Garrett Temple,mem,202066.0,Garrett Temple,1610612763_2018-19,1610612763,Grizzlies,MEM,Memphis,2018-19,mem
235,78,24,1872,Dillon Brooks,mem,1628415.0,Dillon Brooks,1610612763_2018-19,1610612763,Grizzlies,MEM,Memphis,2018-19,mem
236,78,22,1716,Jaren Jackson Jr.,mem,1628991.0,Jaren Jackson Jr.,1610612763_2018-19,1610612763,Grizzlies,MEM,Memphis,2018-19,mem
237,59,12,710,Chandler Parsons,mem,202718.0,Chandler Parsons,1610612763_2018-19,1610612763,Grizzlies,MEM,Memphis,2018-19,mem
238,75,12,900,Wayne Selden,mem,1627782.0,Wayne Selden,1610612763_2018-19,1610612763,Grizzlies,MEM,Memphis,2018-19,mem
239,78,12,936,Shelvin Mack,mem,202714.0,Shelvin Mack,1610612763_2018-19,1610612763,Grizzlies,MEM,Memphis,2018-19,mem
240,78,12,936,MarShon Brooks,mem,202705.0,MarShon Brooks,1610612763_2018-19,1610612763,Grizzlies,MEM,Memphis,2018-19,mem
241,71,8,568,Omri Casspi,mem,201956.0,Omri Casspi,1610612763_2018-19,1610612763,Grizzlies,MEM,Memphis,2018-19,mem
242,78,8,624,Ivan Rabb,mem,1628397.0,Ivan Rabb,1610612763_2018-19,1610612763,Grizzlies,MEM,Memphis,2018-19,mem
243,77,8,616,Andrew Harrison,mem,1626150.0,Andrew Harrison,1610612763_2018-19,1610612763,Grizzlies,MEM,Memphis,2018-19,mem
244,78,5,390,Jevon Carter,mem,1628975.0,Jevon Carter,1610612763_2018-19,1610612763,Grizzlies,MEM,Memphis,2018-19,mem
245,78,0,0,Yuta Watanabe,mem,1629139.0,Yuta Watanabe,1610612763_2018-19,1610612763,Grizzlies,MEM,Memphis,2018-19,mem
246,78,0,0,D.J. Stephens,mem,203474.0,DJ Stephens,1610612763_2018-19,1610612763,Grizzlies,MEM,Memphis,2018-19,mem
247,77,32,2464,Josh Richardson,mia,1626196.0,Josh Richardson,1610612748_2018-19,1610612748,Heat,MIA,Miami,2018-19,mia
248,77,31,2387,Goran Dragic,mia,201609.0,Goran Dragic,1610612748_2018-19,1610612748,Heat,MIA,Miami,2018-19,mia
249,77,26,2002,James Johnson,mia,201949.0,James Johnson,1610612748_2018-19,1610612748,Heat,MIA,Miami,2018-19,mia
250,75,24,1800,Hassan Whiteside,mia,202355.0,Hassan Whiteside,1610612748_2018-19,1610612748,Heat,MIA,Miami,2018-19,mia
251,62,24,1488,Dion Waiters,mia,203079.0,Dion Waiters,1610612748_2018-19,1610612748,Heat,MIA,Miami,2018-19,mia
252,71,23,1633,Tyler Johnson,mia,204020.0,Tyler Johnson,1610612748_2018-19,1610612748,Heat,MIA,Miami,2018-19,mia
253,67,23,1541,Justise Winslow,mia,1626159.0,Justise Winslow,1610612748_2018-19,1610612748,Heat,MIA,Miami,2018-19,mia
254,77,22,1694,Wayne Ellington,mia,201961.0,Wayne Ellington,1610612748_2018-19,1610612748,Heat,MIA,Miami,2018-19,mia
255,77,22,1694,Kelly Olynyk,mia,203482.0,Kelly Olynyk,1610612748_2018-19,1610612748,Heat,MIA,Miami,2018-19,mia
256,78,18,1404,Bam Adebayo,mia,1628389.0,Bam Adebayo,1610612748_2018-19,1610612748,Heat,MIA,Miami,2018-19,mia
257,75,15,1125,Dwyane Wade,mia,2548.0,Dwyane Wade,1610612748_2018-19,1610612748,Heat,MIA,Miami,2018-19,mia
258,72,4,292,Rodney McGruder,mia,203585.0,Rodney McGruder,1610612748_2018-19,1610612748,Heat,MIA,Miami,2018-19,mia
259,78,0,0,Yante Maten,mia,1628999.0,Yante Maten,1610612748_2018-19,1610612748,Heat,MIA,Miami,2018-19,mia
260,78,0,0,Udonis Haslem,mia,2617.0,Udonis Haslem,1610612748_2018-19,1610612748,Heat,MIA,Miami,2018-19,mia
261,78,0,0,Duncan Robinson,mia,1629130.0,Duncan Robinson,1610612748_2018-19,1610612748,Heat,MIA,Miami,2018-19,mia
262,78,2,156,Derrick Jones,mia,1627884.0,Derrick Jones Jr.,1610612748_2018-19,1610612748,Heat,MIA,Miami,2018-19,mia
263,78,36,2808,Giannis Antetokounmpo,mil,203507.0,Giannis Antetokounmpo,1610612749_2018-19,1610612749,Bucks,MIL,Milwaukee,2018-19,mil
264,73,35,2555,Khris Middleton,mil,203114.0,Khris Middleton,1610612749_2018-19,1610612749,Bucks,MIL,Milwaukee,2018-19,mil
265,74,31,2294,Eric Bledsoe,mil,202339.0,Eric Bledsoe,1610612749_2018-19,1610612749,Bucks,MIL,Milwaukee,2018-19,mil
266,75,28,2100,Malcolm Brogdon,mil,1627763.0,Malcolm Brogdon,1610612749_2018-19,1610612749,Bucks,MIL,Milwaukee,2018-19,mil
267,78,24,1872,Tony Snell,mil,203503.0,Tony Snell,1610612749_2018-19,1610612749,Bucks,MIL,Milwaukee,2018-19,mil
268,77,24,1848,Brook Lopez,mil,201572.0,Brook Lopez,1610612749_2018-19,1610612749,Bucks,MIL,Milwaukee,2018-19,mil
269,77,22,1694,Ersan Ilyasova,mil,101141.0,Ersan Ilyasova,1610612749_2018-19,1610612749,Bucks,MIL,Milwaukee,2018-19,mil
270,73,18,1349,Matthew Dellavedova,mil,203521.0,Matthew Dellavedova,1610612749_2018-19,1610612749,Bucks,MIL,Milwaukee,2018-19,mil
271,75,10,750,John Henson,mil,203089.0,John Henson,1610612749_2018-19,1610612749,Bucks,MIL,Milwaukee,2018-19,mil
272,78,8,624,Thon Maker,mil,1627748.0,Thon Maker,1610612749_2018-19,1610612749,Bucks,MIL,Milwaukee,2018-19,mil
273,78,8,624,Pat Connaughton,mil,1626192.0,Pat Connaughton,1610612749_2018-19,1610612749,Bucks,MIL,Milwaukee,2018-19,mil
274,77,8,616,Donte DiVincenzo,mil,1628978.0,Donte DiVincenzo,1610612749_2018-19,1610612749,Bucks,MIL,Milwaukee,2018-19,mil
275,78,5,390,Sterling Brown,mil,1628425.0,Sterling Brown,1610612749_2018-19,1610612749,Bucks,MIL,Milwaukee,2018-19,mil
276,78,2,156,D.J. Wilson,mil,1628391.0,D.J. Wilson,1610612749_2018-19,1610612749,Bucks,MIL,Milwaukee,2018-19,mil
277,78,0,0,Trevon Duval,mil,1628979.0,Trevon Duval,1610612749_2018-19,1610612749,Bucks,MIL,Milwaukee,2018-19,mil
278,78,0,0,Jaylen Morris,mil,1628537.0,Jaylen Morris,1610612749_2018-19,1610612749,Bucks,MIL,Milwaukee,2018-19,mil
279,78,0,0,Christian Wood,mil,1626174.0,Christian Wood,1610612749_2018-19,1610612749,Bucks,MIL,Milwaukee,2018-19,mil
280,45,0,0,Jodie Meeks,mil,201975.0,Jodie Meeks,1610612749_2018-19,1610612749,Bucks,MIL,Milwaukee,2018-19,mil
281,78,36,2808,Karl-Anthony Towns,min,1626157.0,Karl-Anthony Towns,1610612750_2018-19,1610612750,Timberwolves,MIN,Minnesota,2018-19,min
282,75,36,2700,Jimmy Butler,min,202710.0,Jimmy Butler,1610612750_2018-19,1610612750,Timberwolves,MIN,Minnesota,2018-19,min
283,78,36,2808,Andrew Wiggins,min,203952.0,Andrew Wiggins,1610612750_2018-19,1610612750,Timberwolves,MIN,Minnesota,2018-19,min
284,78,32,2496,Jeff Teague,min,201952.0,Jeff Teague,1610612750_2018-19,1610612750,Timberwolves,MIN,Minnesota,2018-19,min
285,78,30,2340,Taj Gibson,min,201959.0,Taj Gibson,1610612750_2018-19,1610612750,Timberwolves,MIN,Minnesota,2018-19,min
286,78,16,1248,Tyus Jones,min,1626145.0,Tyus Jones,1610612750_2018-19,1610612750,Timberwolves,MIN,Minnesota,2018-19,min
287,77,15,1155,Luol Deng,min,2736.0,Luol Deng,1610612750_2018-19,1610612750,Timberwolves,MIN,Minnesota,2018-19,min
288,78,15,1170,Gorgui Dieng,min,203476.0,Gorgui Dieng,1610612750_2018-19,1610612750,Timberwolves,MIN,Minnesota,2018-19,min
289,69,15,1035,Derrick Rose,min,201565.0,Derrick Rose,1610612750_2018-19,1610612750,Timberwolves,MIN,Minnesota,2018-19,min
290,78,15,1170,Anthony Tolliver,min,201229.0,Anthony Tolliver,1610612750_2018-19,1610612750,Timberwolves,MIN,Minnesota,2018-19,min
291,78,3,234,Josh Okogie,min,1629006.0,Josh Okogie,1610612750_2018-19,1610612750,Timberwolves,MIN,Minnesota,2018-19,min
292,78,3,234,James Nunnally,min,203263.0,James Nunnally,1610612750_2018-19,1610612750,Timberwolves,MIN,Minnesota,2018-19,min
293,78,2,174,C.J. Williams,min,203710.0,C.J. Williams,1610612750_2018-19,1610612750,Timberwolves,MIN,Minnesota,2018-19,min
294,54,2,108,Justin Patton,min,1628383.0,Justin Patton,1610612750_2018-19,1610612750,Timberwolves,MIN,Minnesota,2018-19,min
295,77,0,0,Keita Bates-Diop,min,1628966.0,Keita Bates-Diop,1610612750_2018-19,1610612750,Timberwolves,MIN,Minnesota,2018-19,min
296,78,0,0,Jared Terrell,min,1629123.0,Jared Terrell,1610612750_2018-19,1610612750,Timberwolves,MIN,Minnesota,2018-19,min
297,76,36,2736,Anthony Davis,nop,203076.0,Anthony Davis,1610612740_2018-19,1610612740,Pelicans,NOP,New Orleans,2018-19,nop
298,77,35,2695,Jrue Holiday,nop,201950.0,Jrue Holiday,1610612740_2018-19,1610612740,Pelicans,NOP,New Orleans,2018-19,nop
299,77,28,2156,Elfrid Payton,nop,203901.0,Elfrid Payton,1610612740_2018-19,1610612740,Pelicans,NOP,New Orleans,2018-19,nop
300,74,27,1998,Nikola Mirotic,nop,202703.0,Nikola Mirotic,1610612740_2018-19,1610612740,Pelicans,NOP,New Orleans,2018-19,nop
301,78,27,2106,Julius Randle,nop,203944.0,Julius Randle,1610612740_2018-19,1610612740,Pelicans,NOP,New Orleans,2018-19,nop
302,70,18,1260,Solomon Hill,nop,203524.0,Solomon Hill,1610612740_2018-19,1610612740,Pelicans,NOP,New Orleans,2018-19,nop
303,78,18,1404,Darius Miller,nop,203121.0,Darius Miller,1610612740_2018-19,1610612740,Pelicans,NOP,New Orleans,2018-19,nop
304,78,13,989,Wesley Johnson,nop,202325.0,Wesley Johnson,1610612740_2018-19,1610612740,Pelicans,NOP,New Orleans,2018-19,nop
305,78,12,936,Ian Clark,nop,203546.0,Ian Clark,1610612740_2018-19,1610612740,Pelicans,NOP,New Orleans,2018-19,nop
306,73,5,365,Jahlil Okafor,nop,1626143.0,Jahlil Okafor,1610612740_2018-19,1610612740,Pelicans,NOP,New Orleans,2018-19,nop
307,67,5,335,Frank Jackson,nop,1628402.0,Frank Jackson,1610612740_2018-19,1610612740,Pelicans,NOP,New Orleans,2018-19,nop
308,78,5,390,Cheick Diallo,nop,1627767.0,Cheick Diallo,1610612740_2018-19,1610612740,Pelicans,NOP,New Orleans,2018-19,nop
309,77,0,0,Troy Williams,nop,1627786.0,Troy Williams,1610612740_2018-19,1610612740,Pelicans,NOP,New Orleans,2018-19,nop
310,78,0,0,Trevon Bluiett,nop,1629129.0,Trevon Bluiett,1610612740_2018-19,1610612740,Pelicans,NOP,New Orleans,2018-19,nop
311,78,0,0,Kenrich Williams,nop,1629026.0,Kenrich Williams,1610612740_2018-19,1610612740,Pelicans,NOP,New Orleans,2018-19,nop
312,77,30,2310,E'Twaun Moore,nop,202734.0,ETwaun Moore,1610612740_2018-19,1610612740,Pelicans,NOP,New Orleans,2018-19,nop
313,77,32,2464,Tim Hardaway Jr.,nyk,203501.0,Tim Hardaway Jr.,1610612752_2018-19,1610612752,Knicks,NYK,New York,2018-19,nyk
314,78,28,2184,Courtney Lee,nyk,201584.0,Courtney Lee,1610612752_2018-19,1610612752,Knicks,NYK,New York,2018-19,nyk
315,28,25,700,Kristaps Porzingis,nyk,204001.0,Kristaps Porzingis,1610612752_2018-19,1610612752,Knicks,NYK,New York,2018-19,nyk
316,77,25,1925,Enes Kanter,nyk,202683.0,Enes Kanter,1610612752_2018-19,1610612752,Knicks,NYK,New York,2018-19,nyk
317,78,25,1914,Kevin Knox,nyk,1628995.0,Kevin Knox,1610612752_2018-19,1610612752,Knicks,NYK,New York,2018-19,nyk
318,78,24,1872,Trey Burke,nyk,203504.0,Trey Burke,1610612752_2018-19,1610612752,Knicks,NYK,New York,2018-19,nyk
319,78,24,1872,Mario Hezonja,nyk,1626209.0,Mario Hezonja,1610612752_2018-19,1610612752,Knicks,NYK,New York,2018-19,nyk
320,78,22,1716,Frank Ntilikina,nyk,1628373.0,Frank Ntilikina,1610612752_2018-19,1610612752,Knicks,NYK,New York,2018-19,nyk
321,72,20,1409,Lance Thomas,nyk,202498.0,Lance Thomas,1610612752_2018-19,1610612752,Knicks,NYK,New York,2018-19,nyk
322,76,18,1368,Emmanuel Mudiay,nyk,1626144.0,Emmanuel Mudiay,1610612752_2018-19,1610612752,Knicks,NYK,New York,2018-19,nyk
323,78,10,780,Mitchell Robinson,nyk,1629011.0,Mitchell Robinson,1610612752_2018-19,1610612752,Knicks,NYK,New York,2018-19,nyk
324,78,5,390,Luke Kornet,nyk,1628436.0,Luke Kornet,1610612752_2018-19,1610612752,Knicks,NYK,New York,2018-19,nyk
325,78,5,390,Damyean Dotson,nyk,1628422.0,Damyean Dotson,1610612752_2018-19,1610612752,Knicks,NYK,New York,2018-19,nyk
326,78,5,390,Allonzo Trier,nyk,1629019.0,Allonzo Trier,1610612752_2018-19,1610612752,Knicks,NYK,New York,2018-19,nyk
327,76,3,228,Ron Baker,nyk,1627758.0,Ron Baker,1610612752_2018-19,1610612752,Knicks,NYK,New York,2018-19,nyk
328,78,1,78,Isaiah Hicks,nyk,1628439.0,Isaiah Hicks,1610612752_2018-19,1610612752,Knicks,NYK,New York,2018-19,nyk
329,77,0,0,Noah Vonleh,nyk,203943.0,Noah Vonleh,1610612752_2018-19,1610612752,Knicks,NYK,New York,2018-19,nyk
330,73,36,2628,Russell Westbrook,okc,201566.0,Russell Westbrook,1610612760_2018-19,1610612760,Thunder,OKC,Oklahoma City,2018-19,okc
331,78,36,2808,Paul George,okc,202331.0,Paul George,1610612760_2018-19,1610612760,Thunder,OKC,Oklahoma City,2018-19,okc
332,78,32,2496,Steven Adams,okc,203500.0,Steven Adams,1610612760_2018-19,1610612760,Thunder,OKC,Oklahoma City,2018-19,okc
333,78,25,1950,Jerami Grant,okc,203924.0,Jerami Grant,1610612760_2018-19,1610612760,Thunder,OKC,Oklahoma City,2018-19,okc
334,46,25,1150,Andre Roberson,okc,203460.0,Andre Roberson,1610612760_2018-19,1610612760,Thunder,OKC,Oklahoma City,2018-19,okc
335,77,22,1694,Patrick Patterson,okc,202335.0,Patrick Patterson,1610612760_2018-19,1610612760,Thunder,OKC,Oklahoma City,2018-19,okc
336,78,20,1560,Alex Abrines,okc,203518.0,Alex Abrines,1610612760_2018-19,1610612760,Thunder,OKC,Oklahoma City,2018-19,okc
337,67,17,1139,Nerlens Noel,okc,203457.0,Nerlens Noel,1610612760_2018-19,1610612760,Thunder,OKC,Oklahoma City,2018-19,okc
338,78,11,823,Terrance Ferguson,okc,1628390.0,Terrance Ferguson,1610612760_2018-19,1610612760,Thunder,OKC,Oklahoma City,2018-19,okc
339,78,8,624,Raymond Felton,okc,101109.0,Raymond Felton,1610612760_2018-19,1610612760,Thunder,OKC,Oklahoma City,2018-19,okc
340,78,3,234,Hamidou Diallo,okc,1628977.0,Hamidou Diallo,1610612760_2018-19,1610612760,Thunder,OKC,Oklahoma City,2018-19,okc
341,78,3,234,Abdel Nader,okc,1627846.0,Abdel Nader,1610612760_2018-19,1610612760,Thunder,OKC,Oklahoma City,2018-19,okc
342,78,0,0,Tyler Davis,okc,1629093.0,Tyler Davis,1610612760_2018-19,1610612760,Thunder,OKC,Oklahoma City,2018-19,okc
343,78,0,0,Deonte Burton,okc,1629126.0,Deonte Burton,1610612760_2018-19,1610612760,Thunder,OKC,Oklahoma City,2018-19,okc
344,78,25,1950,Dennis Schroeder,okc,203471.0,Dennis Schroder,1610612760_2018-19,1610612760,Thunder,OKC,Oklahoma City,2018-19,okc
345,78,5,390,Timothe Luwawu,okc,1627789.0,Timothe Luwawu-Cabarrot,1610612760_2018-19,1610612760,Thunder,OKC,Oklahoma City,2018-19,okc
346,77,33,2541,Aaron Gordon,orl,203932.0,Aaron Gordon,1610612753_2018-19,1610612753,Magic,ORL,Orlando,2018-19,orl
347,75,32,2400,Evan Fournier,orl,203095.0,Evan Fournier,1610612753_2018-19,1610612753,Magic,ORL,Orlando,2018-19,orl
348,78,28,2184,Jonathon Simmons,orl,203613.0,Jonathon Simmons,1610612753_2018-19,1610612753,Magic,ORL,Orlando,2018-19,orl
349,74,25,1850,Nikola Vucevic,orl,202696.0,Nikola Vucevic,1610612753_2018-19,1610612753,Magic,ORL,Orlando,2018-19,orl
350,78,25,1950,D.J. Augustin,orl,201571.0,D.J. Augustin,1610612753_2018-19,1610612753,Magic,ORL,Orlando,2018-19,orl
351,73,24,1752,Jonathan Isaac,orl,1628371.0,Jonathan Isaac,1610612753_2018-19,1610612753,Magic,ORL,Orlando,2018-19,orl
352,78,22,1716,Jerian Grant,orl,1626170.0,Jerian Grant,1610612753_2018-19,1610612753,Magic,ORL,Orlando,2018-19,orl
353,71,22,1543,Terrence Ross,orl,203082.0,Terrence Ross,1610612753_2018-19,1610612753,Magic,ORL,Orlando,2018-19,orl
354,78,5,390,Khem Birch,orl,203920.0,Khem Birch,1610612753_2018-19,1610612753,Magic,ORL,Orlando,2018-19,orl
355,78,5,390,Isaiah Briscoe,orl,1628515.0,Isaiah Briscoe,1610612753_2018-19,1610612753,Magic,ORL,Orlando,2018-19,orl
356,78,3,234,Timofey Mozgov,orl,202389.0,Timofey Mozgov,1610612753_2018-19,1610612753,Magic,ORL,Orlando,2018-19,orl
357,78,0,0,Troy Caupain,orl,1628505.0,Troy Caupain,1610612753_2018-19,1610612753,Magic,ORL,Orlando,2018-19,orl
358,76,0,0,Jarell Martin,orl,1626185.0,Jarell Martin,1610612753_2018-19,1610612753,Magic,ORL,Orlando,2018-19,orl
359,78,0,0,Amile Jefferson,orl,1628518.0,Amile Jefferson,1610612753_2018-19,1610612753,Magic,ORL,Orlando,2018-19,orl
360,78,5,390,Melvin Frazier,orl,1628982.0,Melvin Frazier Jr.,1610612753_2018-19,1610612753,Magic,ORL,Orlando,2018-19,orl
361,78,20,1560,Mohamed Bamba,orl,,,1610612753_2018-19,1610612753,Magic,ORL,Orlando,2018-19,orl
362,78,10,780,Wesley Iwundu,orl,,,1610612753_2018-19,1610612753,Magic,ORL,Orlando,2018-19,orl
363,67,34,2278,Ben Simmons,phi,1627732.0,Ben Simmons,1610612755_2018-19,1610612755,76ers,PHI,Philadelphia,2018-19,phi
364,76,32,2432,Robert Covington,phi,203496.0,Robert Covington,1610612755_2018-19,1610612755,76ers,PHI,Philadelphia,2018-19,phi
365,60,30,1800,Wilson Chandler,phi,201163.0,Wilson Chandler,1610612755_2018-19,1610612755,76ers,PHI,Philadelphia,2018-19,phi
366,50,30,1500,Joel Embiid,phi,203954.0,Joel Embiid,1610612755_2018-19,1610612755,76ers,PHI,Philadelphia,2018-19,phi
367,78,30,2340,Dario Saric,phi,203967.0,Dario Saric,1610612755_2018-19,1610612755,76ers,PHI,Philadelphia,2018-19,phi
368,69,28,1932,Markelle Fultz,phi,1628365.0,Markelle Fultz,1610612755_2018-19,1610612755,76ers,PHI,Philadelphia,2018-19,phi
369,78,18,1404,T.J. McConnell,phi,204456.0,T.J. McConnell,1610612755_2018-19,1610612755,76ers,PHI,Philadelphia,2018-19,phi
370,76,15,1140,Mike Muscala,phi,203488.0,Mike Muscala,1610612755_2018-19,1610612755,76ers,PHI,Philadelphia,2018-19,phi
371,75,10,786,Furkan Korkmaz,phi,1627788.0,Furkan Korkmaz,1610612755_2018-19,1610612755,76ers,PHI,Philadelphia,2018-19,phi
372,78,10,780,Amir Johnson,phi,101161.0,Amir Johnson,1610612755_2018-19,1610612755,76ers,PHI,Philadelphia,2018-19,phi
373,45,8,360,Zhaire Smith,phi,1629015.0,Zhaire Smith,1610612755_2018-19,1610612755,76ers,PHI,Philadelphia,2018-19,phi
374,78,5,390,Jonah Bolden,phi,1628413.0,Jonah Bolden,1610612755_2018-19,1610612755,76ers,PHI,Philadelphia,2018-19,phi
375,76,3,228,Landry Shamet,phi,1629013.0,Landry Shamet,1610612755_2018-19,1610612755,76ers,PHI,Philadelphia,2018-19,phi
376,78,0,0,Shake Milton,phi,1629003.0,Shake Milton,1610612755_2018-19,1610612755,76ers,PHI,Philadelphia,2018-19,phi
377,55,0,0,Jerryd Bayless,phi,201573.0,Jerryd Bayless,1610612755_2018-19,1610612755,76ers,PHI,Philadelphia,2018-19,phi
378,77,0,0,Demetrius Jackson,phi,1627743.0,Demetrius Jackson,1610612755_2018-19,1610612755,76ers,PHI,Philadelphia,2018-19,phi
379,77,30,2310,J.J. Redick,phi,,,1610612755_2018-19,1610612755,76ers,PHI,Philadelphia,2018-19,phi
380,73,35,2555,Devin Booker,phx,1626164.0,Devin Booker,1610612756_2018-19,1610612756,Suns,PHX,Phoenix,2018-19,phx
381,78,32,2496,Trevor Ariza,phx,2772.0,Trevor Ariza,1610612756_2018-19,1610612756,Suns,PHX,Phoenix,2018-19,phx
382,78,28,2184,Josh Jackson,phx,1628367.0,Josh Jackson,1610612756_2018-19,1610612756,Suns,PHX,Phoenix,2018-19,phx
383,78,28,2184,Deandre Ayton,phx,1629028.0,Deandre Ayton,1610612756_2018-19,1610612756,Suns,PHX,Phoenix,2018-19,phx
384,75,22,1650,Ryan Anderson,phx,201583.0,Ryan Anderson,1610612756_2018-19,1610612756,Suns,PHX,Phoenix,2018-19,phx
385,78,20,1560,Mikal Bridges,phx,1628969.0,Mikal Bridges,1610612756_2018-19,1610612756,Suns,PHX,Phoenix,2018-19,phx
386,78,20,1560,Jamal Crawford,phx,2037.0,Jamal Crawford,1610612756_2018-19,1610612756,Suns,PHX,Phoenix,2018-19,phx
387,71,18,1278,T.J. Warren,phx,203933.0,T.J. Warren,1610612756_2018-19,1610612756,Suns,PHX,Phoenix,2018-19,phx
388,75,15,1125,Richaun Holmes,phx,1626158.0,Richaun Holmes,1610612756_2018-19,1610612756,Suns,PHX,Phoenix,2018-19,phx
389,76,10,778,Isaiah Canaan,phx,203477.0,Isaiah Canaan,1610612756_2018-19,1610612756,Suns,PHX,Phoenix,2018-19,phx
390,76,10,760,Tyson Chandler,phx,2199.0,Tyson Chandler,1610612756_2018-19,1610612756,Suns,PHX,Phoenix,2018-19,phx
391,78,5,390,Troy Daniels,phx,203584.0,Troy Daniels,1610612756_2018-19,1610612756,Suns,PHX,Phoenix,2018-19,phx
392,78,5,390,Elie Okobo,phx,1629059.0,Elie Okobo,1610612756_2018-19,1610612756,Suns,PHX,Phoenix,2018-19,phx
393,76,5,380,Dragan Bender,phx,1627733.0,Dragan Bender,1610612756_2018-19,1610612756,Suns,PHX,Phoenix,2018-19,phx
394,78,0,0,George King,phx,1628994.0,George King,1610612756_2018-19,1610612756,Suns,PHX,Phoenix,2018-19,phx
395,76,0,0,Davon Reed,phx,1628432.0,Davon Reed,1610612756_2018-19,1610612756,Suns,PHX,Phoenix,2018-19,phx
396,78,5,390,De'Anthony Melton,phx,1629001.0,DeAnthony Melton,1610612756_2018-19,1610612756,Suns,PHX,Phoenix,2018-19,phx
397,77,36,2772,Damian Lillard,por,203081.0,Damian Lillard,1610612757_2018-19,1610612757,Trail Blazers,POR,Portland,2018-19,por
398,76,30,2280,Al-Farouq Aminu,por,202329.0,Al-Farouq Aminu,1610612757_2018-19,1610612757,Trail Blazers,POR,Portland,2018-19,por
399,74,26,1924,Jusuf Nurkic,por,203994.0,Jusuf Nurkic,1610612757_2018-19,1610612757,Trail Blazers,POR,Portland,2018-19,por
400,77,26,2002,Evan Turner,por,202323.0,Evan Turner,1610612757_2018-19,1610612757,Trail Blazers,POR,Portland,2018-19,por
401,78,24,1872,Zach Collins,por,1628380.0,Zach Collins,1610612757_2018-19,1610612757,Trail Blazers,POR,Portland,2018-19,por
402,72,24,1728,Maurice Harkless,por,203090.0,Maurice Harkless,1610612757_2018-19,1610612757,Trail Blazers,POR,Portland,2018-19,por
403,61,20,1220,Seth Curry,por,203552.0,Seth Curry,1610612757_2018-19,1610612757,Trail Blazers,POR,Portland,2018-19,por
404,77,10,770,Meyers Leonard,por,203086.0,Meyers Leonard,1610612757_2018-19,1610612757,Trail Blazers,POR,Portland,2018-19,por
405,77,10,749,Nik Stauskas,por,203917.0,Nik Stauskas,1610612757_2018-19,1610612757,Trail Blazers,POR,Portland,2018-19,por
406,78,8,624,Jake Layman,por,1627774.0,Jake Layman,1610612757_2018-19,1610612757,Trail Blazers,POR,Portland,2018-19,por
407,78,5,390,Caleb Swanigan,por,1628403.0,Caleb Swanigan,1610612757_2018-19,1610612757,Trail Blazers,POR,Portland,2018-19,por
408,78,2,156,Gary Trent Jr.,por,1629018.0,Gary Trent Jr.,1610612757_2018-19,1610612757,Trail Blazers,POR,Portland,2018-19,por
409,78,36,2808,C.J. McCollum,por,203468.0,CJ McCollum,1610612757_2018-19,1610612757,Trail Blazers,POR,Portland,2018-19,por
410,77,5,385,Wade Baldwin,por,1627735.0,Wade Baldwin IV,1610612757_2018-19,1610612757,Trail Blazers,POR,Portland,2018-19,por
411,73,28,2044,Bogdan Bogdanovic,sac,203992.0,Bogdan Bogdanovic,1610612758_2018-19,1610612758,Kings,SAC,Sacramento,2018-19,sac
412,78,25,1950,Buddy Hield,sac,1627741.0,Buddy Hield,1610612758_2018-19,1610612758,Kings,SAC,Sacramento,2018-19,sac
413,74,22,1628,Nemanja Bjelica,sac,202357.0,Nemanja Bjelica,1610612758_2018-19,1610612758,Kings,SAC,Sacramento,2018-19,sac
414,78,20,1560,Yogi Ferrell,sac,1627812.0,Yogi Ferrell,1610612758_2018-19,1610612758,Kings,SAC,Sacramento,2018-19,sac
415,77,20,1540,Willie Cauley-Stein,sac,1626161.0,Willie Cauley-Stein,1610612758_2018-19,1610612758,Kings,SAC,Sacramento,2018-19,sac
416,78,18,1404,Skal Labissiere,sac,1627746.0,Skal Labissiere,1610612758_2018-19,1610612758,Kings,SAC,Sacramento,2018-19,sac
417,77,5,385,Zach Randolph,sac,2216.0,Zach Randolph,1610612758_2018-19,1610612758,Kings,SAC,Sacramento,2018-19,sac
418,78,5,390,Kosta Koufos,sac,201585.0,Kosta Koufos,1610612758_2018-19,1610612758,Kings,SAC,Sacramento,2018-19,sac
419,77,5,385,Ben McLemore,sac,203463.0,Ben McLemore,1610612758_2018-19,1610612758,Kings,SAC,Sacramento,2018-19,sac
420,64,3,160,Iman Shumpert,sac,202697.0,Iman Shumpert,1610612758_2018-19,1610612758,Kings,SAC,Sacramento,2018-19,sac
421,78,0,0,Wenyen Gabriel,sac,1629117.0,Wenyen Gabriel,1610612758_2018-19,1610612758,Kings,SAC,Sacramento,2018-19,sac
422,78,28,2184,Marvin Bagley,sac,1628963.0,Marvin Bagley III,1610612758_2018-19,1610612758,Kings,SAC,Sacramento,2018-19,sac
423,78,28,2184,De'Aaron Fox,sac,1628368.0,DeAaron Fox,1610612758_2018-19,1610612758,Kings,SAC,Sacramento,2018-19,sac
424,64,24,1536,Harry Giles,sac,1628385.0,Harry Giles III,1610612758_2018-19,1610612758,Kings,SAC,Sacramento,2018-19,sac
425,77,10,770,Frank Mason III,sac,1628412.0,Frank Mason,1610612758_2018-19,1610612758,Kings,SAC,Sacramento,2018-19,sac
426,78,20,1560,Justin A. Jackson,sac,,,1610612758_2018-19,1610612758,Kings,SAC,Sacramento,2018-19,sac
427,77,33,2541,LaMarcus Aldridge,sas,200746.0,LaMarcus Aldridge,1610612759_2018-19,1610612759,Spurs,SAS,San Antonio,2018-19,sas
428,78,33,2574,DeMar DeRozan,sas,201942.0,DeMar DeRozan,1610612759_2018-19,1610612759,Spurs,SAS,San Antonio,2018-19,sas
429,65,28,1820,Rudy Gay,sas,200752.0,Rudy Gay,1610612759_2018-19,1610612759,Spurs,SAS,San Antonio,2018-19,sas
430,76,24,1824,Pau Gasol,sas,2200.0,Pau Gasol,1610612759_2018-19,1610612759,Spurs,SAS,San Antonio,2018-19,sas
431,77,24,1848,Marco Belinelli,sas,201158.0,Marco Belinelli,1610612759_2018-19,1610612759,Spurs,SAS,San Antonio,2018-19,sas
432,57,24,1368,Derrick White,sas,1628401.0,Derrick White,1610612759_2018-19,1610612759,Spurs,SAS,San Antonio,2018-19,sas
433,78,20,1560,Jakob Poeltl,sas,1627751.0,Jakob Poeltl,1610612759_2018-19,1610612759,Spurs,SAS,San Antonio,2018-19,sas
434,78,17,1362,Bryn Forbes,sas,1627854.0,Bryn Forbes,1610612759_2018-19,1610612759,Spurs,SAS,San Antonio,2018-19,sas
435,78,15,1170,Dante Cunningham,sas,201967.0,Dante Cunningham,1610612759_2018-19,1610612759,Spurs,SAS,San Antonio,2018-19,sas
436,78,14,1092,Davis Bertans,sas,202722.0,Davis Bertans,1610612759_2018-19,1610612759,Spurs,SAS,San Antonio,2018-19,sas
437,78,1,116,Chimezie Metu,sas,1629002.0,Chimezie Metu,1610612759_2018-19,1610612759,Spurs,SAS,San Antonio,2018-19,sas
438,50,0,0,Quincy Pondexter,sas,202347.0,Quincy Pondexter,1610612759_2018-19,1610612759,Spurs,SAS,San Antonio,2018-19,sas
439,78,0,0,Drew Eubanks,sas,1629234.0,Drew Eubanks,1610612759_2018-19,1610612759,Spurs,SAS,San Antonio,2018-19,sas
440,0,0,0,Dejounte Murray,sas,1627749.0,Dejounte Murray,1610612759_2018-19,1610612759,Spurs,SAS,San Antonio,2018-19,sas
441,59,4,221,Lonnie Walker,sas,1629022.0,Lonnie Walker IV,1610612759_2018-19,1610612759,Spurs,SAS,San Antonio,2018-19,sas
442,78,28,2184,Patrick Mills,sas,,,1610612759_2018-19,1610612759,Spurs,SAS,San Antonio,2018-19,sas
443,76,32,2432,Kyle Lowry,tor,200768.0,Kyle Lowry,1610612761_2018-19,1610612761,Raptors,TOR,Toronto,2018-19,tor
444,65,30,1950,Kawhi Leonard,tor,202695.0,Kawhi Leonard,1610612761_2018-19,1610612761,Raptors,TOR,Toronto,2018-19,tor
445,78,27,2106,Serge Ibaka,tor,201586.0,Serge Ibaka,1610612761_2018-19,1610612761,Raptors,TOR,Toronto,2018-19,tor
446,77,24,1848,Jonas Valanciunas,tor,202685.0,Jonas Valanciunas,1610612761_2018-19,1610612761,Raptors,TOR,Toronto,2018-19,tor
447,78,22,1716,Pascal Siakam,tor,1627783.0,Pascal Siakam,1610612761_2018-19,1610612761,Raptors,TOR,Toronto,2018-19,tor
448,77,22,1694,OG Anunoby,tor,1628384.0,OG Anunoby,1610612761_2018-19,1610612761,Raptors,TOR,Toronto,2018-19,tor
449,78,20,1560,Fred VanVleet,tor,1627832.0,Fred VanVleet,1610612761_2018-19,1610612761,Raptors,TOR,Toronto,2018-19,tor
450,73,20,1460,Delon Wright,tor,1626153.0,Delon Wright,1610612761_2018-19,1610612761,Raptors,TOR,Toronto,2018-19,tor
451,78,11,843,Greg Monroe,tor,202328.0,Greg Monroe,1610612761_2018-19,1610612761,Raptors,TOR,Toronto,2018-19,tor
452,78,5,390,Norman Powell,tor,1626181.0,Norman Powell,1610612761_2018-19,1610612761,Raptors,TOR,Toronto,2018-19,tor
453,78,3,234,Lorenzo Brown,tor,203485.0,Lorenzo Brown,1610612761_2018-19,1610612761,Raptors,TOR,Toronto,2018-19,tor
454,77,2,154,Malachi Richardson,tor,1627781.0,Malachi Richardson,1610612761_2018-19,1610612761,Raptors,TOR,Toronto,2018-19,tor
455,78,0,0,Jordan Loyd,tor,1628070.0,Jordan Loyd,1610612761_2018-19,1610612761,Raptors,TOR,Toronto,2018-19,tor
456,73,0,0,Chris Boucher,tor,1628449.0,Chris Boucher,1610612761_2018-19,1610612761,Raptors,TOR,Toronto,2018-19,tor
457,77,25,1925,Daniel Green,tor,,,1610612761_2018-19,1610612761,Raptors,TOR,Toronto,2018-19,tor
458,76,18,1368,C.J. Miles,tor,,,1610612761_2018-19,1610612761,Raptors,TOR,Toronto,2018-19,tor
459,78,34,2652,Donovan Mitchell,uta,1628378.0,Donovan Mitchell,1610612762_2018-19,1610612762,Jazz,UTA,Utah,2018-19,uta
460,74,32,2368,Rudy Gobert,uta,203497.0,Rudy Gobert,1610612762_2018-19,1610612762,Jazz,UTA,Utah,2018-19,uta
461,78,31,2418,Joe Ingles,uta,204060.0,Joe Ingles,1610612762_2018-19,1610612762,Jazz,UTA,Utah,2018-19,uta
462,78,29,2262,Ricky Rubio,uta,201937.0,Ricky Rubio,1610612762_2018-19,1610612762,Jazz,UTA,Utah,2018-19,uta
463,73,28,2044,Derrick Favors,uta,202324.0,Derrick Favors,1610612762_2018-19,1610612762,Jazz,UTA,Utah,2018-19,uta
464,78,26,2028,Jae Crowder,uta,203109.0,Jae Crowder,1610612762_2018-19,1610612762,Jazz,UTA,Utah,2018-19,uta
465,50,20,1000,Dante Exum,uta,203957.0,Dante Exum,1610612762_2018-19,1610612762,Jazz,UTA,Utah,2018-19,uta
466,67,15,1005,Thabo Sefolosha,uta,200757.0,Thabo Sefolosha,1610612762_2018-19,1610612762,Jazz,UTA,Utah,2018-19,uta
467,66,12,792,Alec Burks,uta,202692.0,Alec Burks,1610612762_2018-19,1610612762,Jazz,UTA,Utah,2018-19,uta
468,70,7,490,Raul Neto,uta,203526.0,Raul Neto,1610612762_2018-19,1610612762,Jazz,UTA,Utah,2018-19,uta
469,78,7,546,Grayson Allen,uta,1628960.0,Grayson Allen,1610612762_2018-19,1610612762,Jazz,UTA,Utah,2018-19,uta
470,78,5,390,Ekpe Udoh,uta,202327.0,Ekpe Udoh,1610612762_2018-19,1610612762,Jazz,UTA,Utah,2018-19,uta
471,78,3,262,Georges Niang,uta,1627777.0,Georges Niang,1610612762_2018-19,1610612762,Jazz,UTA,Utah,2018-19,uta
472,78,2,156,Tony Bradley,uta,1628396.0,Tony Bradley,1610612762_2018-19,1610612762,Jazz,UTA,Utah,2018-19,uta
473,78,0,0,Tyler Cavanaugh,uta,1628463.0,Tyler Cavanaugh,1610612762_2018-19,1610612762,Jazz,UTA,Utah,2018-19,uta
474,78,0,0,Naz Mitrou-Long,uta,1628513.0,Naz Mitrou-Long,1610612762_2018-19,1610612762,Jazz,UTA,Utah,2018-19,uta
475,78,16,1267,Royce O'Neale,uta,1626220.0,Royce ONeale,1610612762_2018-19,1610612762,Jazz,UTA,Utah,2018-19,uta
476,76,35,2660,Bradley Beal,was,203078.0,Bradley Beal,1610612764_2018-19,1610612764,Wizards,WAS,Washington,2018-19,was
477,75,33,2475,John Wall,was,202322.0,John Wall,1610612764_2018-19,1610612764,Wizards,WAS,Washington,2018-19,was
478,77,26,2002,Markieff Morris,was,202693.0,Markieff Morris,1610612764_2018-19,1610612764,Wizards,WAS,Washington,2018-19,was
479,78,26,2028,Dwight Howard,was,2730.0,Dwight Howard,1610612764_2018-19,1610612764,Wizards,WAS,Washington,2018-19,was
480,75,21,1575,Austin Rivers,was,203085.0,Austin Rivers,1610612764_2018-19,1610612764,Wizards,WAS,Washington,2018-19,was
481,78,18,1404,Tomas Satoransky,was,203107.0,Tomas Satoransky,1610612764_2018-19,1610612764,Wizards,WAS,Washington,2018-19,was
482,78,18,1404,Jeff Green,was,201145.0,Jeff Green,1610612764_2018-19,1610612764,Wizards,WAS,Washington,2018-19,was
483,71,14,994,Ian Mahinmi,was,101133.0,Ian Mahinmi,1610612764_2018-19,1610612764,Wizards,WAS,Washington,2018-19,was
484,78,3,234,Jason Smith,was,201160.0,Jason Smith,1610612764_2018-19,1610612764,Wizards,WAS,Washington,2018-19,was
485,78,2,156,Thomas Bryant,was,1628418.0,Thomas Bryant,1610612764_2018-19,1610612764,Wizards,WAS,Washington,2018-19,was
486,78,2,156,Devin Robinson,was,1628421.0,Devin Robinson,1610612764_2018-19,1610612764,Wizards,WAS,Washington,2018-19,was
487,78,0,0,Jordan McRae,was,203895.0,Jordan McRae,1610612764_2018-19,1610612764,Wizards,WAS,Washington,2018-19,was
488,78,30,2340,Otto Porter,was,203490.0,Otto Porter Jr.,1610612764_2018-19,1610612764,Wizards,WAS,Washington,2018-19,was
489,78,24,1872,Kelly Oubre,was,1626162.0,Kelly Oubre Jr.,1610612764_2018-19,1610612764,Wizards,WAS,Washington,2018-19,was
490,78,5,380,Troy Brown,was,1628972.0,Troy Brown Jr.,1610612764_2018-19,1610612764,Wizards,WAS,Washington,2018-19,was
